CreditNoteNumber,Type,RemainingCredit,ContactName,Date,Status,LineAmountTypes,Description,AccountCode,UnitAmount,Quantity,SubTotal,TotalTax,Total,CreditNoteID
CN-2625,ACCRECCREDIT,0.0,,2018-04-06,PAID,NoTax,self,004,41.0,1.0,41.0,0.0,41.0,f65bf980-330d-413a-b273-f32e52262281
CN-2626,ACCRECCREDIT,0.0,,2018-04-04,PAID,NoTax,self,004,46.0,1.0,46.0,0.0,46.0,dbd1dc92-a92e-49b7-b5ef-975d0fa97211
CN-2651,ACCRECCREDIT,0.0,,2018-04-11,PAID,NoTax,self pay,004,64.75,1.0,64.75,0.0,64.75,b3ea3950-ac7a-4a6a-b2e2-660b0a3fdb94
CN-2652,ACCRECCREDIT,0.0,,2018-04-16,PAID,NoTax,self pay,004,61.0,1.0,61.0,0.0,61.0,1ca584b5-23da-4370-b377-ca4e028dbcc1
CN-2653,ACCRECCREDIT,71.0,,2018-04-23,VOIDED,NoTax,self pay,004,46.0,1.0,71.0,0.0,71.0,30f786c0-364e-4137-925d-78d4d6ef92ed
CN-2654,ACCRECCREDIT,0.0,,2018-04-20,PAID,NoTax,self,004,46.0,1.0,46.0,0.0,46.0,f20aaebd-f9e4-44f4-9687-42e849b82bb5
CN-2655,ACCRECCREDIT,0.0,,2018-04-18,PAID,NoTax,self,004,25.0,1.0,25.0,0.0,25.0,99f1566f-b3b2-4642-bd75-7efce322d43f
CN-2656,ACCRECCREDIT,0.0,,2018-04-05,PAID,NoTax,self,004,46.0,1.0,46.0,0.0,46.0,ba8709ce-c30b-4e71-9d12-dec17783a533
CN-2665,ACCRECCREDIT,0.0,,2018-04-18,PAID,NoTax,Self,004,18.0,1.0,18.0,0.0,18.0,e4afd052-71a6-43d6-a114-605ea56143df
CN-2666,ACCRECCREDIT,0.0,,2018-04-03,PAID,NoTax,self,004,40.0,1.0,40.0,0.0,40.0,c86f26ab-82a2-45d8-8d15-1fa59936b259
CN-2684,ACCRECCREDIT,0.0,,2018-04-16,PAID,NoTax,self,004,23.0,1.0,23.0,0.0,23.0,8fda2d20-6613-43b8-8f13-1e899768049d
CN-2685,ACCRECCREDIT,0.0,,2018-04-25,PAID,NoTax,self,004,23.0,1.0,23.0,0.0,23.0,cedf8ed7-ab71-4bb2-8a59-008b327b5de1
CN-2686,ACCRECCREDIT,0.0,,2018-04-04,PAID,NoTax,self,004,23.0,1.0,23.0,0.0,23.0,bf05face-30c2-4624-a96b-ba124013d747
CN-2683,ACCRECCREDIT,0.0,,2018-04-26,PAID,NoTax,self,004,46.0,1.0,46.0,0.0,46.0,4ae07609-0f54-416d-98ab-baac20f8f21f
CN-2695,ACCRECCREDIT,0.0,,2018-04-04,PAID,NoTax,ci,003,5.0,1.0,5.0,0.0,5.0,80212930-d768-45c8-98f2-2233f77cfe8e
CN-2696,ACCRECCREDIT,0.0,,2018-04-11,PAID,NoTax,ci,003,5.0,1.0,5.0,0.0,5.0,bd2f9ac7-dd15-4507-b179-00a313b74d05
CN-2697,ACCRECCREDIT,0.0,,2018-04-18,PAID,NoTax,ci,003,5.0,1.0,5.0,0.0,5.0,82376ebc-bd31-4994-8d94-1021c8a0b6ef
CN-2698,ACCRECCREDIT,0.0,,2018-04-30,PAID,NoTax,ci,003,5.0,1.0,5.0,0.0,5.0,4bcfbe5b-11fd-4374-9cc1-c8c59fe4d23f
CN-2704,ACCRECCREDIT,0.0,,2018-04-12,PAID,NoTax,ci,003,5.0,1.0,5.0,0.0,5.0,e9514157-ed11-4b40-8f2a-37b24c0a7e22
CN-2705,ACCRECCREDIT,0.0,,2018-05-10,PAID,NoTax,ci,003,5.0,1.0,5.0,0.0,5.0,ace7abf3-399b-4682-a194-97cf7f7b9bbf
CN-2716,ACCRECCREDIT,0.0,,2018-04-06,PAID,NoTax,ci,003,5.0,1.0,5.0,0.0,5.0,778de1e7-fe92-4fb2-9ade-f839666e00fc
CN-2755,ACCRECCREDIT,0.0,,2018-05-04,PAID,NoTax,ci,003,5.0,1.0,5.0,0.0,5.0,12314086-ae3e-4a05-96a9-401e67ec5d41
CN-2773,ACCRECCREDIT,0.0,,2018-05-09,PAID,NoTax,self,004,46.0,1.0,46.0,0.0,46.0,630049a0-f57e-466d-a324-baa675cfda26
CN-2774,ACCRECCREDIT,0.0,,2018-04-05,PAID,NoTax,self,004,17.25,1.0,17.25,0.0,17.25,550cc638-c858-4d91-a2c3-e70ce4b66efc
CN-2796,ACCRECCREDIT,0.0,,2018-04-18,PAID,NoTax,pmi,002,5.0,1.0,5.0,0.0,5.0,2a70e61d-5f2b-4c7d-aabe-0b6ec64857cf
CN-2797,ACCRECCREDIT,0.0,,2018-04-19,PAID,NoTax,occ,014,10.0,1.0,10.0,0.0,10.0,7af8ca4c-6e2c-48eb-90fe-fc29d7415ac0
CN-2798,ACCRECCREDIT,0.0,,2018-05-22,PAID,NoTax,self,004,30.0,1.0,30.0,0.0,30.0,c1fbc809-d3cd-4ab8-ae23-79371b4c9431
CN-2799,ACCRECCREDIT,0.0,,2018-05-09,PAID,NoTax,self,004,25.0,1.0,25.0,0.0,25.0,ac7a53a6-efdf-4a6e-ae53-beed5addfbb8
CN-2800,ACCRECCREDIT,0.0,,2018-05-29,PAID,NoTax,self,004,36.0,1.0,36.0,0.0,36.0,3bfece42-b95d-4682-9665-52681aee68e8
CN-2801,ACCRECCREDIT,0.0,,2018-05-24,PAID,NoTax,self,004,76.0,1.0,106.0,0.0,106.0,208afd67-f1cd-469d-89ec-8a169c6b54f1
CN-2802,ACCRECCREDIT,0.0,,2018-05-10,PAID,NoTax,self,004,30.0,1.0,60.0,0.0,60.0,6c07e683-7364-4fb6-86c1-71027d68fe8f
CN-2804,ACCRECCREDIT,0.0,,2018-05-09,PAID,NoTax,self,004,30.0,1.0,30.0,0.0,30.0,2a496b99-ab5b-4878-8f53-63ae0fd37f6c
CN-2805,ACCRECCREDIT,0.0,,2018-05-16,PAID,NoTax,self,004,30.0,1.0,30.0,0.0,30.0,16be6f5e-2c81-4b7f-b122-6cdaf770940a
CN-2806,ACCRECCREDIT,0.0,,2018-05-21,PAID,NoTax,self,004,50.0,1.0,50.0,0.0,50.0,20d1d0e6-3578-4636-bfa6-223c027a3965
CN-2807,ACCRECCREDIT,0.0,,2018-05-12,PAID,NoTax,self,004,25.0,1.0,25.0,0.0,25.0,fe8cd9b9-ef6f-4763-b1d9-dc73a7d4843d
CN-2803,ACCRECCREDIT,0.0,,2018-05-03,PAID,NoTax,self,004,25.0,1.0,25.0,0.0,25.0,836e32f9-ddb4-429c-8c50-a4e2582fff82
CN-2808,ACCRECCREDIT,0.0,,2018-04-26,PAID,NoTax,self,004,30.0,1.0,30.0,0.0,30.0,1b13f6c1-f0e6-4e93-b0e1-f60a8f1cef13
CN-2809,ACCRECCREDIT,0.0,,2018-05-08,PAID,NoTax,self,004,30.0,1.0,30.0,0.0,30.0,7be6647d-ef20-4361-9091-5b1cf86ebc93
CN-2810,ACCRECCREDIT,0.0,,2018-05-11,PAID,NoTax,self,004,46.0,1.0,46.0,0.0,46.0,ee020a70-0aad-4430-87df-2072f14d7318
CN-2811,ACCRECCREDIT,0.0,,2018-05-16,PAID,NoTax,self,004,5.0,1.0,0.0,0.0,0.0,cfe838b0-d5b7-40d1-a2e9-fc89b8525d37
CN-2812,ACCRECCREDIT,0.0,,2018-04-25,PAID,NoTax,self,004,23.0,1.0,23.0,0.0,23.0,e037ecaf-6054-4b9e-bd34-c7f8c53c6c49
Water cooler Moulton,ACCPAYCREDIT,0.0,,2018-04-30,PAID,NoTax,Water cooler Moulton,472-7,10.24,1.0,10.24,0.0,10.24,2d8fcaf0-8d9e-4cb2-b98f-a25569d5d827
CN-2813,ACCRECCREDIT,0.0,,2018-05-16,PAID,NoTax,pmi,002,10.0,1.0,10.0,0.0,10.0,0b13db1a-9520-4166-8392-9ede45899bb5
CN-2842,ACCRECCREDIT,0.0,,2018-04-01,PAID,NoTax,Moulton 28/03/18,014,8.0,1.0,8.0,0.0,8.0,5f094d11-60a8-4c6b-9dec-4d8561177927
CN-2843,ACCRECCREDIT,0.0,,2018-05-12,PAID,NoTax,pmi,002,7.0,1.0,7.0,0.0,7.0,6e3dc778-fbe3-41bf-b8be-0806239e5501
CN-2850,ACCRECCREDIT,0.0,,2018-04-01,PAID,NoTax,pmi,002,2.0,1.0,2.0,0.0,2.0,3060ea23-02ab-463e-ac62-dbd1d2407e68
CN-2861,ACCRECCREDIT,0.0,,2018-04-01,PAID,NoTax,pmi,002,8.0,1.0,8.0,0.0,8.0,ee104824-4ffa-4ee7-86c4-a74dd030675b
CN-2864,ACCRECCREDIT,0.0,,2018-04-24,PAID,NoTax,self,004,41.0,1.0,41.0,0.0,41.0,cb6c9c0d-315b-4eb3-8f45-64f6525bb54a
CN-2865,ACCRECCREDIT,0.0,,2018-05-04,PAID,NoTax,self,004,40.0,1.0,40.0,0.0,40.0,0ae80f46-6aa2-4804-a32e-07be2d3ef65d
CN-2866,ACCRECCREDIT,0.0,,2018-05-09,PAID,NoTax,self,004,25.0,1.0,25.0,0.0,25.0,deeef3c4-af40-4ce5-8ced-4fdbe12aae3b
CN-2867,ACCRECCREDIT,0.0,,2018-06-01,PAID,NoTax,self,004,30.0,1.0,30.0,0.0,30.0,b6ac7bc0-013d-4c22-82bc-b3b632812f0b
CN-2868,ACCRECCREDIT,0.0,,2018-06-06,PAID,NoTax,self,004,46.0,1.0,46.0,0.0,46.0,ad8a4a16-442c-449a-9fa6-83722c9694a9
CN-2869,ACCRECCREDIT,0.0,,2018-06-07,PAID,NoTax,self,004,46.0,1.0,46.0,0.0,46.0,18cd3109-d4d5-4188-b1c7-5b2104b6bc55
CN-2870,ACCRECCREDIT,0.0,,2018-06-08,PAID,NoTax,self,004,46.0,1.0,46.0,0.0,46.0,e216cf47-96a1-4fb1-a158-09dc429da8b1
CN-2871,ACCRECCREDIT,0.0,,2018-06-13,PAID,NoTax,self,004,76.0,1.0,76.0,0.0,76.0,d2dd45b7-f886-4739-b8c5-137406b56fac
CN-2872,ACCRECCREDIT,0.0,,2018-06-14,PAID,NoTax,self,004,50.0,1.0,50.0,0.0,50.0,6692b96d-8043-4cf5-856e-46a629ce297e
CN-2873,ACCRECCREDIT,0.0,,2018-06-15,PAID,NoTax,self,004,61.0,1.0,61.0,0.0,61.0,222a068f-1900-4e2b-84fd-da1d7998733d
CN-2874,ACCRECCREDIT,0.0,,2018-06-18,PAID,NoTax,self,004,45.0,1.0,45.0,0.0,45.0,46e1861d-5d67-491d-aa7f-e519ff07f611
CN-2881,ACCRECCREDIT,0.0,,2018-05-18,PAID,NoTax,self,004,30.0,1.0,30.0,0.0,30.0,f93a2a59-a964-41dd-85ed-b399d9c29086
CN-2882,ACCRECCREDIT,0.0,,2018-06-06,PAID,NoTax,self,004,30.0,1.0,30.0,0.0,30.0,67fe05c5-2e7b-420d-a2d1-a1e7a5f6c22f
CN-2883,ACCRECCREDIT,0.0,,2018-04-10,PAID,NoTax,self,004,41.0,1.0,41.0,0.0,41.0,a329078f-4abe-4cbd-bb5c-dc0f447a9c68
CN-2884,ACCRECCREDIT,0.0,,2018-04-11,PAID,NoTax,self,004,-23.0,1.0,0.0,0.0,0.0,090df79b-8585-4697-81a6-3c5616821a15
CN-2885,ACCRECCREDIT,0.0,,2018-04-13,PAID,NoTax,self,004,46.0,1.0,46.0,0.0,46.0,cfffb0fe-2f29-4461-a14d-f7a554b8b24b
CN-2886,ACCRECCREDIT,0.0,,2018-04-16,PAID,NoTax,self,004,89.0,1.0,89.0,0.0,89.0,785aaa8d-0e2b-4259-a534-3c196ee0c09f
CN-2887,ACCRECCREDIT,0.0,,2018-04-21,PAID,NoTax,self,004,36.0,1.0,36.0,0.0,36.0,46439f4b-82eb-4b28-b815-4a7611a3da0e
CN-2888,ACCRECCREDIT,0.0,,2018-04-28,PAID,NoTax,self,004,46.0,1.0,46.0,0.0,46.0,5c576e1b-e73c-4705-893e-683412cc6fe7
CN-2889,ACCRECCREDIT,0.0,,2018-05-11,PAID,NoTax,Ci,003,30.0,1.0,0.0,0.0,0.0,460df039-a6fe-41c7-997e-00f4f55dd921
CN-2890,ACCRECCREDIT,0.0,,2018-05-15,PAID,NoTax,Ci,003,30.0,1.0,0.0,0.0,0.0,e9ad0fe2-2005-4ba2-b2e8-797f00215265
CN-2891,ACCRECCREDIT,0.0,,2018-05-29,PAID,NoTax,Ci,003,30.0,1.0,0.0,0.0,0.0,2bc5f8fa-34d4-4165-81e3-d7af41e76159
CN-2892,ACCRECCREDIT,0.0,,2018-06-12,PAID,NoTax,Ci,003,30.0,1.0,0.0,0.0,0.0,c4649b4a-3a26-440b-95ed-27c6665dfa13
CN-2893,ACCRECCREDIT,0.0,,2018-06-05,PAID,NoTax,Ci,003,30.0,1.0,0.0,0.0,0.0,018c5237-9826-474a-89a3-c20f9b2efd5a
CN-2896,ACCRECCREDIT,0.0,,2018-06-19,PAID,NoTax,self,004,6.0,1.0,6.0,0.0,6.0,9fe576cc-b7df-4108-8379-24a0c31d42ae
CN-2897,ACCRECCREDIT,0.0,,2018-06-20,PAID,NoTax,Ci,003,30.0,1.0,30.0,0.0,30.0,fb0e7c04-a959-49aa-878c-64894b84d662
CN-2894,ACCRECCREDIT,30.0,,2018-05-18,VOIDED,NoTax,self,004,30.0,1.0,30.0,0.0,30.0,1070e1d9-91c8-4a0b-b57d-110648768906
CN-2895,ACCRECCREDIT,30.0,,2018-06-06,VOIDED,NoTax,self,004,30.0,1.0,30.0,0.0,30.0,6b6c3090-be7e-4520-9aa5-4937118c80ba
CN-2915,ACCRECCREDIT,0.0,,2018-04-01,PAID,NoTax,Moulton CI 14/2 & 28/2,003,60.0,1.0,60.0,0.0,60.0,8a13ba07-44f4-44bd-8b2a-20da3f4f48f8
CN-2923,ACCRECCREDIT,0.0,,2018-05-23,PAID,NoTax,self,004,1.0,1.0,1.0,0.0,1.0,88253ebd-05ab-4f24-9a35-b472db47489f
CN-2924,ACCRECCREDIT,0.0,,2018-07-02,PAID,NoTax,self,004,46.0,1.0,46.0,0.0,46.0,ffe58dce-6b2e-43d5-9036-86717afb5e2e
CN-2925,ACCRECCREDIT,0.0,,2018-07-06,PAID,NoTax,self,004,46.0,1.0,46.0,0.0,46.0,da220441-0d84-40c3-a708-d8be77c2ae39
CN-2926,ACCRECCREDIT,0.0,,2018-07-11,PAID,NoTax,self,004,46.0,1.0,46.0,0.0,46.0,10397dc1-a738-47a7-98fd-c2d1ab7f65e5
CN-2927,ACCRECCREDIT,0.0,,2018-07-12,PAID,NoTax,self,004,23.0,1.0,23.0,0.0,23.0,2de04a95-c520-4ac9-9cbb-de7604c3135d
CN-2928,ACCRECCREDIT,0.0,,2018-06-22,PAID,NoTax,self,004,23.0,1.0,23.0,0.0,23.0,47cfa3fe-4685-4c55-8575-4a068f57bc32
CN-2929,ACCRECCREDIT,0.0,,2018-06-28,PAID,NoTax,self,004,46.0,1.0,46.0,0.0,46.0,a27b3644-7082-44a3-b9dc-260bd0434f01
CN-2930,ACCRECCREDIT,0.0,,2018-05-02,PAID,NoTax,self,004,50.0,1.0,50.0,0.0,50.0,ae503359-62fd-427a-99a3-9d041fdfd0f5
CN-2937,ACCRECCREDIT,0.0,,2018-06-27,PAID,NoTax,CI - Moulton,003,30.0,1.0,30.0,0.0,30.0,af9c93dd-5d9e-4c27-8fb8-0b47fdd2bbcd
CN-2938,ACCRECCREDIT,0.0,,2018-06-26,PAID,NoTax,pmi,002,5.0,1.0,5.0,0.0,5.0,59a99c32-e0c2-4d6c-90e4-39748e146bfe
CN-2939,ACCRECCREDIT,0.0,,2018-04-13,PAID,NoTax,pmi,002,40.0,1.0,40.0,0.0,40.0,8b6c9f88-0a5f-46ae-9774-966d38338b9e
CN-2945,ACCRECCREDIT,0.0,,2018-06-25,PAID,NoTax,self,004,82.0,1.0,82.0,0.0,82.0,b398c7f4-06b3-40f6-a607-745df2b4b1ec
CN-2944,ACCRECCREDIT,18.0,,2018-07-04,VOIDED,NoTax,self,004,18.0,1.0,18.0,0.0,18.0,b3726ef5-5842-4149-a1df-0ba2f8153e5c
CN-2978,ACCRECCREDIT,0.0,,2018-07-05,PAID,NoTax,self,004,30.0,1.0,30.0,0.0,30.0,068dea12-3936-444f-83f1-56ef97e7601e
CN-2979,ACCRECCREDIT,0.0,,2018-07-17,PAID,NoTax,self,004,55.0,1.0,55.0,0.0,55.0,87cc6d9d-55c7-4bab-9952-4b1f5c53424b
CN-2980,ACCRECCREDIT,0.0,,2018-07-09,PAID,NoTax,self,004,30.0,1.0,60.0,0.0,60.0,c8f5c926-a043-419d-9f61-81b724afb942
CN-2981,ACCRECCREDIT,0.0,,2018-07-12,PAID,NoTax,self,004,65.0,1.0,65.0,0.0,65.0,b315d8e1-a543-4fb2-add3-8e25a093c920
CN-2982,ACCRECCREDIT,0.0,,2018-07-25,PAID,NoTax,self,004,30.0,1.0,30.0,0.0,30.0,05c20da6-0e0c-496f-9305-c4b2d4a03936
CN-2983,ACCRECCREDIT,0.0,,2018-07-23,PAID,NoTax,self,004,25.0,1.0,25.0,0.0,25.0,30518223-9cbd-4333-9bf2-319c14c8a167
CN-2984,ACCRECCREDIT,0.0,,2018-07-10,PAID,NoTax,self,004,30.0,1.0,30.0,0.0,30.0,3371f45e-8771-4cd5-bb5b-e6e958fe365d
CN-2985,ACCRECCREDIT,0.0,,2018-07-05,PAID,NoTax,self,004,30.0,1.0,30.0,0.0,30.0,9b846ebc-95fa-4665-97a0-d2b0fe468eaf
CN-2986,ACCRECCREDIT,0.0,,2018-07-06,PAID,NoTax,self,004,30.0,1.0,30.0,0.0,30.0,7904c79f-222a-46df-8018-5c13674fddfa
CN-2988,ACCRECCREDIT,0.0,,2018-04-01,PAID,NoTax,ci,003,10.0,1.0,10.0,0.0,10.0,f9a65493-52b8-404a-a584-485e14b6b4ee
CN-2987,ACCRECCREDIT,46.0,,2018-07-30,VOIDED,NoTax,self,004,46.0,1.0,46.0,0.0,46.0,5cd88a42-3a5a-47d3-ace2-644eedfb0b11
CN-2625,ACCRECCREDIT,0.0,,2018-04-06,PAID,NoTax,self,004,41.0,1.0,41.0,0.0,41.0,f65bf980-330d-413a-b273-f32e52262281
CN-2626,ACCRECCREDIT,0.0,,2018-04-04,PAID,NoTax,self,004,46.0,1.0,46.0,0.0,46.0,dbd1dc92-a92e-49b7-b5ef-975d0fa97211
CN-2651,ACCRECCREDIT,0.0,,2018-04-11,PAID,NoTax,self pay,004,64.75,1.0,64.75,0.0,64.75,b3ea3950-ac7a-4a6a-b2e2-660b0a3fdb94
CN-2652,ACCRECCREDIT,0.0,,2018-04-16,PAID,NoTax,self pay,004,61.0,1.0,61.0,0.0,61.0,1ca584b5-23da-4370-b377-ca4e028dbcc1
CN-2653,ACCRECCREDIT,71.0,,2018-04-23,VOIDED,NoTax,self pay,004,46.0,1.0,71.0,0.0,71.0,30f786c0-364e-4137-925d-78d4d6ef92ed
CN-2654,ACCRECCREDIT,0.0,,2018-04-20,PAID,NoTax,self,004,46.0,1.0,46.0,0.0,46.0,f20aaebd-f9e4-44f4-9687-42e849b82bb5
CN-2655,ACCRECCREDIT,0.0,,2018-04-18,PAID,NoTax,self,004,25.0,1.0,25.0,0.0,25.0,99f1566f-b3b2-4642-bd75-7efce322d43f
CN-2656,ACCRECCREDIT,0.0,,2018-04-05,PAID,NoTax,self,004,46.0,1.0,46.0,0.0,46.0,ba8709ce-c30b-4e71-9d12-dec17783a533
CN-2665,ACCRECCREDIT,0.0,,2018-04-18,PAID,NoTax,Self,004,18.0,1.0,18.0,0.0,18.0,e4afd052-71a6-43d6-a114-605ea56143df
CN-2666,ACCRECCREDIT,0.0,,2018-04-03,PAID,NoTax,self,004,40.0,1.0,40.0,0.0,40.0,c86f26ab-82a2-45d8-8d15-1fa59936b259
CN-2684,ACCRECCREDIT,0.0,,2018-04-16,PAID,NoTax,self,004,23.0,1.0,23.0,0.0,23.0,8fda2d20-6613-43b8-8f13-1e899768049d
CN-2685,ACCRECCREDIT,0.0,,2018-04-25,PAID,NoTax,self,004,23.0,1.0,23.0,0.0,23.0,cedf8ed7-ab71-4bb2-8a59-008b327b5de1
CN-2686,ACCRECCREDIT,0.0,,2018-04-04,PAID,NoTax,self,004,23.0,1.0,23.0,0.0,23.0,bf05face-30c2-4624-a96b-ba124013d747
CN-2683,ACCRECCREDIT,0.0,,2018-04-26,PAID,NoTax,self,004,46.0,1.0,46.0,0.0,46.0,4ae07609-0f54-416d-98ab-baac20f8f21f
CN-2695,ACCRECCREDIT,0.0,,2018-04-04,PAID,NoTax,ci,003,5.0,1.0,5.0,0.0,5.0,80212930-d768-45c8-98f2-2233f77cfe8e
CN-2696,ACCRECCREDIT,0.0,,2018-04-11,PAID,NoTax,ci,003,5.0,1.0,5.0,0.0,5.0,bd2f9ac7-dd15-4507-b179-00a313b74d05
CN-2697,ACCRECCREDIT,0.0,,2018-04-18,PAID,NoTax,ci,003,5.0,1.0,5.0,0.0,5.0,82376ebc-bd31-4994-8d94-1021c8a0b6ef
CN-2698,ACCRECCREDIT,0.0,,2018-04-30,PAID,NoTax,ci,003,5.0,1.0,5.0,0.0,5.0,4bcfbe5b-11fd-4374-9cc1-c8c59fe4d23f
CN-2704,ACCRECCREDIT,0.0,,2018-04-12,PAID,NoTax,ci,003,5.0,1.0,5.0,0.0,5.0,e9514157-ed11-4b40-8f2a-37b24c0a7e22
CN-2705,ACCRECCREDIT,0.0,,2018-05-10,PAID,NoTax,ci,003,5.0,1.0,5.0,0.0,5.0,ace7abf3-399b-4682-a194-97cf7f7b9bbf
CN-2716,ACCRECCREDIT,0.0,,2018-04-06,PAID,NoTax,ci,003,5.0,1.0,5.0,0.0,5.0,778de1e7-fe92-4fb2-9ade-f839666e00fc
CN-2755,ACCRECCREDIT,0.0,,2018-05-04,PAID,NoTax,ci,003,5.0,1.0,5.0,0.0,5.0,12314086-ae3e-4a05-96a9-401e67ec5d41
CN-2773,ACCRECCREDIT,0.0,,2018-05-09,PAID,NoTax,self,004,46.0,1.0,46.0,0.0,46.0,630049a0-f57e-466d-a324-baa675cfda26
CN-2774,ACCRECCREDIT,0.0,,2018-04-05,PAID,NoTax,self,004,17.25,1.0,17.25,0.0,17.25,550cc638-c858-4d91-a2c3-e70ce4b66efc
CN-2796,ACCRECCREDIT,0.0,,2018-04-18,PAID,NoTax,pmi,002,5.0,1.0,5.0,0.0,5.0,2a70e61d-5f2b-4c7d-aabe-0b6ec64857cf
CN-2797,ACCRECCREDIT,0.0,,2018-04-19,PAID,NoTax,occ,014,10.0,1.0,10.0,0.0,10.0,7af8ca4c-6e2c-48eb-90fe-fc29d7415ac0
CN-2798,ACCRECCREDIT,0.0,,2018-05-22,PAID,NoTax,self,004,30.0,1.0,30.0,0.0,30.0,c1fbc809-d3cd-4ab8-ae23-79371b4c9431
CN-2799,ACCRECCREDIT,0.0,,2018-05-09,PAID,NoTax,self,004,25.0,1.0,25.0,0.0,25.0,ac7a53a6-efdf-4a6e-ae53-beed5addfbb8
CN-2800,ACCRECCREDIT,0.0,,2018-05-29,PAID,NoTax,self,004,36.0,1.0,36.0,0.0,36.0,3bfece42-b95d-4682-9665-52681aee68e8
CN-2801,ACCRECCREDIT,0.0,,2018-05-24,PAID,NoTax,self,004,76.0,1.0,106.0,0.0,106.0,208afd67-f1cd-469d-89ec-8a169c6b54f1
CN-2802,ACCRECCREDIT,0.0,,2018-05-10,PAID,NoTax,self,004,30.0,1.0,60.0,0.0,60.0,6c07e683-7364-4fb6-86c1-71027d68fe8f
CN-2804,ACCRECCREDIT,0.0,,2018-05-09,PAID,NoTax,self,004,30.0,1.0,30.0,0.0,30.0,2a496b99-ab5b-4878-8f53-63ae0fd37f6c
CN-2805,ACCRECCREDIT,0.0,,2018-05-16,PAID,NoTax,self,004,30.0,1.0,30.0,0.0,30.0,16be6f5e-2c81-4b7f-b122-6cdaf770940a
CN-2806,ACCRECCREDIT,0.0,,2018-05-21,PAID,NoTax,self,004,50.0,1.0,50.0,0.0,50.0,20d1d0e6-3578-4636-bfa6-223c027a3965
CN-2807,ACCRECCREDIT,0.0,,2018-05-12,PAID,NoTax,self,004,25.0,1.0,25.0,0.0,25.0,fe8cd9b9-ef6f-4763-b1d9-dc73a7d4843d
CN-2803,ACCRECCREDIT,0.0,,2018-05-03,PAID,NoTax,self,004,25.0,1.0,25.0,0.0,25.0,836e32f9-ddb4-429c-8c50-a4e2582fff82
CN-2808,ACCRECCREDIT,0.0,,2018-04-26,PAID,NoTax,self,004,30.0,1.0,30.0,0.0,30.0,1b13f6c1-f0e6-4e93-b0e1-f60a8f1cef13
CN-2809,ACCRECCREDIT,0.0,,2018-05-08,PAID,NoTax,self,004,30.0,1.0,30.0,0.0,30.0,7be6647d-ef20-4361-9091-5b1cf86ebc93
CN-2810,ACCRECCREDIT,0.0,,2018-05-11,PAID,NoTax,self,004,46.0,1.0,46.0,0.0,46.0,ee020a70-0aad-4430-87df-2072f14d7318
CN-2811,ACCRECCREDIT,0.0,,2018-05-16,PAID,NoTax,self,004,5.0,1.0,0.0,0.0,0.0,cfe838b0-d5b7-40d1-a2e9-fc89b8525d37
CN-2812,ACCRECCREDIT,0.0,,2018-04-25,PAID,NoTax,self,004,23.0,1.0,23.0,0.0,23.0,e037ecaf-6054-4b9e-bd34-c7f8c53c6c49
Water cooler Moulton,ACCPAYCREDIT,0.0,,2018-04-30,PAID,NoTax,Water cooler Moulton,472-7,10.24,1.0,10.24,0.0,10.24,2d8fcaf0-8d9e-4cb2-b98f-a25569d5d827
CN-2813,ACCRECCREDIT,0.0,,2018-05-16,PAID,NoTax,pmi,002,10.0,1.0,10.0,0.0,10.0,0b13db1a-9520-4166-8392-9ede45899bb5
CN-2842,ACCRECCREDIT,0.0,,2018-04-01,PAID,NoTax,Moulton 28/03/18,014,8.0,1.0,8.0,0.0,8.0,5f094d11-60a8-4c6b-9dec-4d8561177927
CN-2843,ACCRECCREDIT,0.0,,2018-05-12,PAID,NoTax,pmi,002,7.0,1.0,7.0,0.0,7.0,6e3dc778-fbe3-41bf-b8be-0806239e5501
CN-2850,ACCRECCREDIT,0.0,,2018-04-01,PAID,NoTax,pmi,002,2.0,1.0,2.0,0.0,2.0,3060ea23-02ab-463e-ac62-dbd1d2407e68
CN-2861,ACCRECCREDIT,0.0,,2018-04-01,PAID,NoTax,pmi,002,8.0,1.0,8.0,0.0,8.0,ee104824-4ffa-4ee7-86c4-a74dd030675b
CN-2864,ACCRECCREDIT,0.0,,2018-04-24,PAID,NoTax,self,004,41.0,1.0,41.0,0.0,41.0,cb6c9c0d-315b-4eb3-8f45-64f6525bb54a
CN-2865,ACCRECCREDIT,0.0,,2018-05-04,PAID,NoTax,self,004,40.0,1.0,40.0,0.0,40.0,0ae80f46-6aa2-4804-a32e-07be2d3ef65d
CN-2866,ACCRECCREDIT,0.0,,2018-05-09,PAID,NoTax,self,004,25.0,1.0,25.0,0.0,25.0,deeef3c4-af40-4ce5-8ced-4fdbe12aae3b
CN-2867,ACCRECCREDIT,0.0,,2018-06-01,PAID,NoTax,self,004,30.0,1.0,30.0,0.0,30.0,b6ac7bc0-013d-4c22-82bc-b3b632812f0b
CN-2868,ACCRECCREDIT,0.0,,2018-06-06,PAID,NoTax,self,004,46.0,1.0,46.0,0.0,46.0,ad8a4a16-442c-449a-9fa6-83722c9694a9
CN-2869,ACCRECCREDIT,0.0,,2018-06-07,PAID,NoTax,self,004,46.0,1.0,46.0,0.0,46.0,18cd3109-d4d5-4188-b1c7-5b2104b6bc55
CN-2870,ACCRECCREDIT,0.0,,2018-06-08,PAID,NoTax,self,004,46.0,1.0,46.0,0.0,46.0,e216cf47-96a1-4fb1-a158-09dc429da8b1
CN-2871,ACCRECCREDIT,0.0,,2018-06-13,PAID,NoTax,self,004,76.0,1.0,76.0,0.0,76.0,d2dd45b7-f886-4739-b8c5-137406b56fac
CN-2872,ACCRECCREDIT,0.0,,2018-06-14,PAID,NoTax,self,004,50.0,1.0,50.0,0.0,50.0,6692b96d-8043-4cf5-856e-46a629ce297e
CN-2873,ACCRECCREDIT,0.0,,2018-06-15,PAID,NoTax,self,004,61.0,1.0,61.0,0.0,61.0,222a068f-1900-4e2b-84fd-da1d7998733d
CN-2874,ACCRECCREDIT,0.0,,2018-06-18,PAID,NoTax,self,004,45.0,1.0,45.0,0.0,45.0,46e1861d-5d67-491d-aa7f-e519ff07f611
CN-2881,ACCRECCREDIT,0.0,,2018-05-18,PAID,NoTax,self,004,30.0,1.0,30.0,0.0,30.0,f93a2a59-a964-41dd-85ed-b399d9c29086
CN-2882,ACCRECCREDIT,0.0,,2018-06-06,PAID,NoTax,self,004,30.0,1.0,30.0,0.0,30.0,67fe05c5-2e7b-420d-a2d1-a1e7a5f6c22f
CN-2883,ACCRECCREDIT,0.0,,2018-04-10,PAID,NoTax,self,004,41.0,1.0,41.0,0.0,41.0,a329078f-4abe-4cbd-bb5c-dc0f447a9c68
CN-2884,ACCRECCREDIT,0.0,,2018-04-11,PAID,NoTax,self,004,-23.0,1.0,0.0,0.0,0.0,090df79b-8585-4697-81a6-3c5616821a15
CN-2885,ACCRECCREDIT,0.0,,2018-04-13,PAID,NoTax,self,004,46.0,1.0,46.0,0.0,46.0,cfffb0fe-2f29-4461-a14d-f7a554b8b24b
CN-2886,ACCRECCREDIT,0.0,,2018-04-16,PAID,NoTax,self,004,89.0,1.0,89.0,0.0,89.0,785aaa8d-0e2b-4259-a534-3c196ee0c09f
CN-2887,ACCRECCREDIT,0.0,,2018-04-21,PAID,NoTax,self,004,36.0,1.0,36.0,0.0,36.0,46439f4b-82eb-4b28-b815-4a7611a3da0e
CN-2888,ACCRECCREDIT,0.0,,2018-04-28,PAID,NoTax,self,004,46.0,1.0,46.0,0.0,46.0,5c576e1b-e73c-4705-893e-683412cc6fe7
CN-2889,ACCRECCREDIT,0.0,,2018-05-11,PAID,NoTax,Ci,003,30.0,1.0,0.0,0.0,0.0,460df039-a6fe-41c7-997e-00f4f55dd921
CN-2890,ACCRECCREDIT,0.0,,2018-05-15,PAID,NoTax,Ci,003,30.0,1.0,0.0,0.0,0.0,e9ad0fe2-2005-4ba2-b2e8-797f00215265
CN-2891,ACCRECCREDIT,0.0,,2018-05-29,PAID,NoTax,Ci,003,30.0,1.0,0.0,0.0,0.0,2bc5f8fa-34d4-4165-81e3-d7af41e76159
CN-2892,ACCRECCREDIT,0.0,,2018-06-12,PAID,NoTax,Ci,003,30.0,1.0,0.0,0.0,0.0,c4649b4a-3a26-440b-95ed-27c6665dfa13
CN-2893,ACCRECCREDIT,0.0,,2018-06-05,PAID,NoTax,Ci,003,30.0,1.0,0.0,0.0,0.0,018c5237-9826-474a-89a3-c20f9b2efd5a
CN-2896,ACCRECCREDIT,0.0,,2018-06-19,PAID,NoTax,self,004,6.0,1.0,6.0,0.0,6.0,9fe576cc-b7df-4108-8379-24a0c31d42ae
CN-2897,ACCRECCREDIT,0.0,,2018-06-20,PAID,NoTax,Ci,003,30.0,1.0,30.0,0.0,30.0,fb0e7c04-a959-49aa-878c-64894b84d662
CN-2894,ACCRECCREDIT,30.0,,2018-05-18,VOIDED,NoTax,self,004,30.0,1.0,30.0,0.0,30.0,1070e1d9-91c8-4a0b-b57d-110648768906
CN-2895,ACCRECCREDIT,30.0,,2018-06-06,VOIDED,NoTax,self,004,30.0,1.0,30.0,0.0,30.0,6b6c3090-be7e-4520-9aa5-4937118c80ba
CN-2915,ACCRECCREDIT,0.0,,2018-04-01,PAID,NoTax,Moulton CI 14/2 & 28/2,003,60.0,1.0,60.0,0.0,60.0,8a13ba07-44f4-44bd-8b2a-20da3f4f48f8
CN-2923,ACCRECCREDIT,0.0,,2018-05-23,PAID,NoTax,self,004,1.0,1.0,1.0,0.0,1.0,88253ebd-05ab-4f24-9a35-b472db47489f
CN-2924,ACCRECCREDIT,0.0,,2018-07-02,PAID,NoTax,self,004,46.0,1.0,46.0,0.0,46.0,ffe58dce-6b2e-43d5-9036-86717afb5e2e
CN-2925,ACCRECCREDIT,0.0,,2018-07-06,PAID,NoTax,self,004,46.0,1.0,46.0,0.0,46.0,da220441-0d84-40c3-a708-d8be77c2ae39
CN-2926,ACCRECCREDIT,0.0,,2018-07-11,PAID,NoTax,self,004,46.0,1.0,46.0,0.0,46.0,10397dc1-a738-47a7-98fd-c2d1ab7f65e5
CN-2927,ACCRECCREDIT,0.0,,2018-07-12,PAID,NoTax,self,004,23.0,1.0,23.0,0.0,23.0,2de04a95-c520-4ac9-9cbb-de7604c3135d
CN-2928,ACCRECCREDIT,0.0,,2018-06-22,PAID,NoTax,self,004,23.0,1.0,23.0,0.0,23.0,47cfa3fe-4685-4c55-8575-4a068f57bc32
CN-2929,ACCRECCREDIT,0.0,,2018-06-28,PAID,NoTax,self,004,46.0,1.0,46.0,0.0,46.0,a27b3644-7082-44a3-b9dc-260bd0434f01
CN-2930,ACCRECCREDIT,0.0,,2018-05-02,PAID,NoTax,self,004,50.0,1.0,50.0,0.0,50.0,ae503359-62fd-427a-99a3-9d041fdfd0f5
CN-2937,ACCRECCREDIT,0.0,,2018-06-27,PAID,NoTax,CI - Moulton,003,30.0,1.0,30.0,0.0,30.0,af9c93dd-5d9e-4c27-8fb8-0b47fdd2bbcd
CN-2938,ACCRECCREDIT,0.0,,2018-06-26,PAID,NoTax,pmi,002,5.0,1.0,5.0,0.0,5.0,59a99c32-e0c2-4d6c-90e4-39748e146bfe
CN-2939,ACCRECCREDIT,0.0,,2018-04-13,PAID,NoTax,pmi,002,40.0,1.0,40.0,0.0,40.0,8b6c9f88-0a5f-46ae-9774-966d38338b9e
CN-2945,ACCRECCREDIT,0.0,,2018-06-25,PAID,NoTax,self,004,82.0,1.0,82.0,0.0,82.0,b398c7f4-06b3-40f6-a607-745df2b4b1ec
CN-2944,ACCRECCREDIT,18.0,,2018-07-04,VOIDED,NoTax,self,004,18.0,1.0,18.0,0.0,18.0,b3726ef5-5842-4149-a1df-0ba2f8153e5c
CN-2978,ACCRECCREDIT,0.0,,2018-07-05,PAID,NoTax,self,004,30.0,1.0,30.0,0.0,30.0,068dea12-3936-444f-83f1-56ef97e7601e
CN-2979,ACCRECCREDIT,0.0,,2018-07-17,PAID,NoTax,self,004,55.0,1.0,55.0,0.0,55.0,87cc6d9d-55c7-4bab-9952-4b1f5c53424b
CN-2980,ACCRECCREDIT,0.0,,2018-07-09,PAID,NoTax,self,004,30.0,1.0,60.0,0.0,60.0,c8f5c926-a043-419d-9f61-81b724afb942
CN-2981,ACCRECCREDIT,0.0,,2018-07-12,PAID,NoTax,self,004,65.0,1.0,65.0,0.0,65.0,b315d8e1-a543-4fb2-add3-8e25a093c920
CN-2982,ACCRECCREDIT,0.0,,2018-07-25,PAID,NoTax,self,004,30.0,1.0,30.0,0.0,30.0,05c20da6-0e0c-496f-9305-c4b2d4a03936
CN-2983,ACCRECCREDIT,0.0,,2018-07-23,PAID,NoTax,self,004,25.0,1.0,25.0,0.0,25.0,30518223-9cbd-4333-9bf2-319c14c8a167
CN-2984,ACCRECCREDIT,0.0,,2018-07-10,PAID,NoTax,self,004,30.0,1.0,30.0,0.0,30.0,3371f45e-8771-4cd5-bb5b-e6e958fe365d
CN-2985,ACCRECCREDIT,0.0,,2018-07-05,PAID,NoTax,self,004,30.0,1.0,30.0,0.0,30.0,9b846ebc-95fa-4665-97a0-d2b0fe468eaf
CN-2986,ACCRECCREDIT,0.0,,2018-07-06,PAID,NoTax,self,004,30.0,1.0,30.0,0.0,30.0,7904c79f-222a-46df-8018-5c13674fddfa
CN-2988,ACCRECCREDIT,0.0,,2018-04-01,PAID,NoTax,ci,003,10.0,1.0,10.0,0.0,10.0,f9a65493-52b8-404a-a584-485e14b6b4ee
CN-2987,ACCRECCREDIT,46.0,,2018-07-30,VOIDED,NoTax,self,004,46.0,1.0,46.0,0.0,46.0,5cd88a42-3a5a-47d3-ace2-644eedfb0b11
CN-2989,ACCRECCREDIT,0.0,,2018-06-15,PAID,NoTax,Ci,003,30.0,1.0,30.0,0.0,30.0,b0d0c4c4-d6c6-4245-86d2-71f971860aa8
CN-2943,ACCRECCREDIT,0.0,,2018-07-10,PAID,NoTax,self,004,1.0,1.0,1.0,0.0,1.0,e686a659-563b-4dd0-9e15-d508a5de5ff2
CN-2990,ACCRECCREDIT,0.0,,2018-07-10,PAID,NoTax,self,004,40.0,1.0,30.0,0.0,30.0,8e48e94c-226b-400e-a2bb-f6c68d9135a3
CN-2991,ACCRECCREDIT,0.0,,2018-07-18,PAID,NoTax,self,004,77.0,1.0,77.0,0.0,77.0,d3d3b0cf-a42b-4406-a43e-c5b464ffba9a
CN-3000,ACCRECCREDIT,0.0,,2018-07-26,PAID,NoTax,pmi,002,5.0,1.0,5.0,0.0,5.0,c5c7c2d7-de1b-4fd3-a29d-f69e383fe899
CN-3002,ACCRECCREDIT,0.0,,2018-07-17,PAID,NoTax,pmi,002,35.0,1.0,0.0,0.0,0.0,516160f1-b422-4b32-a382-5eb331966b6f
CN-3003,ACCRECCREDIT,0.0,,2018-07-03,PAID,NoTax,pmi,002,-40.0,1.0,0.0,0.0,0.0,f2a1ed31-93c3-4cb4-9c43-e6e9a8856966
CN-3004,ACCRECCREDIT,0.0,,2018-07-06,PAID,NoTax,pmi,002,38.0,1.0,0.0,0.0,0.0,45f9ba28-4f52-4739-8277-3232dc15aeec
CN-3031,ACCRECCREDIT,0.0,,2018-08-11,PAID,NoTax,self,004,30.0,1.0,30.0,0.0,30.0,b71c941a-a908-4521-87d7-14e91f6caa27
CN-3032,ACCRECCREDIT,0.0,,2018-08-10,PAID,NoTax,self,004,46.0,1.0,46.0,0.0,46.0,7ec70be1-6bd0-4ad6-85ef-70483b641d9e
CN-3033,ACCRECCREDIT,0.0,,2018-08-09,PAID,NoTax,self,004,46.0,1.0,46.0,0.0,46.0,9b10064b-c30d-452f-af57-34f8cf7a1436
CN-3034,ACCRECCREDIT,0.0,,2018-08-08,PAID,NoTax,self,004,69.0,1.0,69.0,0.0,69.0,b4dffb10-4a33-44bf-abbb-7953f4c50969
CN-3035,ACCRECCREDIT,0.0,,2018-08-04,PAID,NoTax,self,004,46.0,1.0,46.0,0.0,46.0,148bb773-02ad-4927-b3c9-058b8fe8cd75
CN-3036,ACCRECCREDIT,0.0,,2018-08-03,PAID,NoTax,self,004,30.0,1.0,30.0,0.0,30.0,5604c0bc-2e6b-4611-acd3-407cdff0a3f7
CN-3037,ACCRECCREDIT,0.0,,2018-08-02,PAID,NoTax,self,004,99.0,1.0,99.0,0.0,99.0,100be939-94f2-4026-a2f6-ffa6e567cda6
CN-3038,ACCRECCREDIT,0.0,,2018-08-07,PAID,NoTax,self,004,46.0,1.0,46.0,0.0,46.0,ed801efc-32e0-4693-bc56-74c6df271983
CN-3039,ACCRECCREDIT,0.0,,2018-07-24,PAID,NoTax,self,004,50.0,1.0,50.0,0.0,50.0,99b30f14-f7ba-4b73-9ab8-127788e3de22
CN-3040,ACCRECCREDIT,0.0,,2018-07-18,PAID,NoTax,self,004,69.0,1.0,69.0,0.0,69.0,f09e0c2e-e1d4-4895-9100-22bcc68f2fa1
CN-3041,ACCRECCREDIT,0.0,,2018-07-12,PAID,NoTax,self,004,23.0,1.0,23.0,0.0,23.0,48aaf18a-1d7a-4624-bbbc-e54e89f79e84
CN-3042,ACCRECCREDIT,0.0,,2018-07-10,PAID,NoTax,self,004,46.0,1.0,46.0,0.0,46.0,91d691d9-d835-4d51-bef0-0942b359f9b7
CN-3043,ACCRECCREDIT,0.0,,2018-07-04,PAID,NoTax,self,004,23.0,1.0,23.0,0.0,23.0,d5194998-de7c-4956-a075-dedb191beee7
CN-3044,ACCRECCREDIT,0.0,,2018-07-09,PAID,NoTax,self,004,36.0,1.0,36.0,0.0,36.0,e32ffc03-3afa-49a9-895d-07610e044480
CN-3045,ACCRECCREDIT,0.0,,2018-07-06,PAID,NoTax,self,004,36.0,1.0,36.0,0.0,36.0,4940236f-f26e-4f8c-b235-1777a3a76e10
CN-3046,ACCRECCREDIT,0.0,,2018-06-07,PAID,NoTax,self,004,30.0,1.0,30.0,0.0,30.0,65a223ef-f823-4352-b0e7-dbfa2541ef62
CN-3063,ACCRECCREDIT,0.0,,2018-08-16,PAID,NoTax,self,004,46.0,1.0,46.0,0.0,46.0,7f0cf34a-9399-4984-ae31-1a943d4edb36
CN-3064,ACCRECCREDIT,0.0,,2018-08-15,PAID,NoTax,self,004,49.0,1.0,49.0,0.0,49.0,6b9386be-9dfe-4df9-8537-aa5f010118a5
CN-3065,ACCRECCREDIT,0.0,,2018-06-15,PAID,NoTax,self,004,15.0,1.0,15.0,0.0,15.0,840af81d-fff6-4f46-a371-d1192ca4f0a6
CN-3067,ACCRECCREDIT,0.0,,2018-06-29,PAID,NoTax,self,004,30.0,1.0,30.0,0.0,30.0,55a3137f-4029-4c08-8b81-fdfa3635b6c1
CN-3068,ACCRECCREDIT,0.0,,2018-08-14,PAID,NoTax,self,004,55.0,1.0,55.0,0.0,55.0,bae0c28c-922d-4429-911f-4bf927efedcc
CN-3069,ACCRECCREDIT,0.0,,2018-07-10,PAID,NoTax,self,004,40.0,1.0,40.0,0.0,40.0,4c91777b-a5f3-4c4e-876e-feea74e6f238
CN-3070,ACCRECCREDIT,0.0,,2018-06-19,PAID,NoTax,self,004,23.0,1.0,23.0,0.0,23.0,1c9eee85-80b7-4dfd-b222-0ce5ec53ae78
CN-3071,ACCRECCREDIT,0.0,,2018-06-22,PAID,NoTax,self,004,40.0,1.0,0.0,0.0,0.0,d8fbfadd-082e-4c3b-9b1f-3a912d035ca1
CN-3072,ACCRECCREDIT,0.0,,2018-08-22,PAID,NoTax,self,004,40.0,1.0,40.0,0.0,40.0,d305e454-5588-4764-af1c-9c830ddddb77
CN-3073,ACCRECCREDIT,0.0,,2018-07-10,PAID,NoTax,self,004,40.0,1.0,80.0,0.0,80.0,b30f3b72-b8f3-4653-a418-2ad2ce6f0954
CN-3074,ACCRECCREDIT,0.0,,2018-07-10,PAID,NoTax,self,004,40.0,1.0,40.0,0.0,40.0,ebd7866d-d0d9-4f22-b355-c9da226a983f
CN-3075,ACCRECCREDIT,0.0,,2018-07-13,PAID,NoTax,self,004,30.0,1.0,30.0,0.0,30.0,1aad1321-2e85-494e-92bb-3f2e6ec7935d
CN-3077,ACCRECCREDIT,0.0,,2018-08-01,PAID,NoTax,pmi,002,40.0,1.0,40.0,0.0,40.0,a7b5d5d8-7aba-468e-9343-388ce2f2b995
CN-3078,ACCRECCREDIT,396.0,,2018-09-07,VOIDED,NoTax,self,004,331.0,1.0,396.0,0.0,396.0,d81ee1dd-b44f-4a1d-bf2e-1ac96658c91a
CN-3076,ACCRECCREDIT,0.0,,2018-08-18,PAID,NoTax,self,004,331.0,1.0,396.0,0.0,396.0,e5b05715-8fcb-498a-904c-7732bafde34e
CN-3079,ACCRECCREDIT,0.0,,2018-08-17,PAID,NoTax,Self,004,20.0,1.0,20.0,0.0,20.0,72aeec66-72dc-4032-ae7b-04ca2df3efda
CN-3095,ACCRECCREDIT,0.0,,2018-08-18,PAID,NoTax,pmi,002,10.0,1.0,10.0,0.0,10.0,b31e0268-652f-4918-af86-ff71ada71931
CN-3097,ACCRECCREDIT,0.0,,2018-07-10,PAID,NoTax,self,004,40.0,1.0,40.0,0.0,40.0,e79e52e8-0f4d-4f1d-bc05-49e62a20b92c
CN-3113,ACCRECCREDIT,0.0,,2018-07-31,PAID,NoTax,pmi,002,10.0,1.0,10.0,0.0,10.0,7be7d64a-4f8e-413e-99b5-96db1028f97b
CN-3114,ACCRECCREDIT,0.0,,2018-06-20,PAID,NoTax,ci,002,30.0,1.0,30.0,0.0,30.0,d22e0cae-f2d1-404d-a029-182c71a9b900
CN-3115,ACCRECCREDIT,0.0,,2018-08-04,PAID,NoTax,pmi,002,-40.0,1.0,6.0,0.0,6.0,4118cde7-3594-4d85-a569-a8d2d19df4f9
CN-3116,ACCRECCREDIT,0.0,,2018-08-07,PAID,NoTax,pmi,002,10.0,1.0,10.0,0.0,10.0,e9dc77ee-f9a8-4d8f-9eba-5144f7958519
CN-3117,ACCRECCREDIT,0.0,,2018-08-21,PAID,NoTax,pmi,002,10.0,1.0,10.0,0.0,10.0,d2b7e872-573c-4269-8687-b3d3826ffc6d
CN-3096,ACCRECCREDIT,0.0,,2018-07-13,PAID,NoTax,pmi,002,30.0,1.0,0.0,0.0,0.0,abc54801-c3f9-413d-8725-8ce29328011a
CN-3112,ACCRECCREDIT,60.0,,2018-07-13,VOIDED,NoTax,self,004,30.0,1.0,60.0,0.0,60.0,7069b8b8-18cb-4d47-9eac-597e0beaf810
CN-3120,ACCRECCREDIT,0.0,,2018-07-27,PAID,NoTax,pmi,002,40.0,1.0,40.0,0.0,40.0,ef764352-d0d4-4ba6-b489-e8f69754ac6c
CN-3121,ACCRECCREDIT,0.0,,2018-07-16,PAID,NoTax,pmi,002,40.0,1.0,40.0,0.0,40.0,46fcb6b4-d278-4ad5-afd7-0cce93e30860
CN-3122,ACCRECCREDIT,0.0,,2018-07-14,PAID,NoTax,pmi,002,40.0,1.0,40.0,0.0,40.0,ba7607a4-72cd-48a2-a548-55e6f373a5fc
Refund ,ACCPAYCREDIT,16.46,,2018-09-04,VOIDED,NoTax,Refund ,475,8.23,1.0,16.46,0.0,16.46,b1541d24-5534-4bbd-9b6b-b73c789a4a3c
CN-3133,ACCRECCREDIT,0.0,,2018-06-19,PAID,NoTax,self,004,56.0,1.0,16.0,0.0,16.0,b18db48f-7981-414c-aa27-f0f778523ea0
CN-3134,ACCRECCREDIT,0.0,,2018-07-23,PAID,NoTax,self,004,23.0,1.0,23.0,0.0,23.0,063ec3b6-8bf2-425f-8e84-c920f722d25d
CN-3186,ACCRECCREDIT,0.0,,2018-10-01,PAID,NoTax,cons,005,10.0,1.0,10.0,0.0,10.0,4c673e55-9f35-411a-a89f-3cbf21e0733d
CN-3187,ACCRECCREDIT,0.0,,2018-10-01,PAID,NoTax,self,004,30.0,1.0,30.0,0.0,30.0,117f9a5e-63df-4b5b-b175-f60a53671ebd
CN-3188,ACCRECCREDIT,0.0,,2018-09-10,PAID,NoTax,self,004,25.0,1.0,25.0,0.0,25.0,c330e0b2-8a9e-486f-be3c-3ce66c42785c
CN-3189,ACCRECCREDIT,0.0,,2018-09-14,PAID,NoTax,self,004,4.0,1.0,4.0,0.0,4.0,09a815d5-d422-4849-b79d-9bccafb2a390
CN-3190,ACCRECCREDIT,0.0,,2018-09-15,PAID,NoTax,self,004,30.0,1.0,30.0,0.0,30.0,9b0595b3-1613-47ea-ac05-dbad52ad0e1f
CN-3191,ACCRECCREDIT,0.0,,2018-09-17,PAID,NoTax,self,004,25.0,1.0,25.0,0.0,25.0,f1f6426b-8452-4b67-8870-a0955e95f999
CN-3192,ACCRECCREDIT,30.0,,2018-09-18,VOIDED,NoTax,self,004,30.0,1.0,30.0,0.0,30.0,f69fffe2-0207-4727-86e6-57f4017f57cd
CN-3194,ACCRECCREDIT,0.0,,2018-09-19,PAID,NoTax,self,004,30.0,1.0,30.0,0.0,30.0,3ff31dec-a5fc-411a-b761-9311b94162f5
CN-3195,ACCRECCREDIT,0.0,,2018-09-20,PAID,NoTax,self,004,20.0,1.0,20.0,0.0,20.0,631c3be2-0eaa-49ef-b889-89acf14acd85
CN-3196,ACCRECCREDIT,0.0,,2018-09-24,PAID,NoTax,self,004,30.0,1.0,30.0,0.0,30.0,36db0946-884e-4f79-b552-0cb73838514f
CN-3197,ACCRECCREDIT,0.0,,2018-09-05,PAID,NoTax,self,004,60.0,1.0,60.0,0.0,60.0,672a1928-2ba9-4312-8da0-be2e5119616c
CN-3198,ACCRECCREDIT,0.0,,2018-09-06,PAID,NoTax,self,004,30.0,1.0,30.0,0.0,30.0,5b994ea7-cf30-4f06-b051-6ef0a7a05e90
CN-3199,ACCRECCREDIT,0.0,,2018-09-10,PAID,NoTax,self,004,30.0,1.0,30.0,0.0,30.0,ae075607-abe6-4f12-8c0f-9dc5b93da762
CN-3200,ACCRECCREDIT,0.0,,2018-09-13,PAID,NoTax,self,004,30.0,1.0,30.0,0.0,30.0,55dd2bdd-efb1-4dfd-bb26-0599dad5ab2b
CN-3202,ACCRECCREDIT,0.0,,2018-09-19,PAID,NoTax,self,004,30.0,1.0,30.0,0.0,30.0,d9ccc900-535c-4eec-af61-936fe79ff7bb
CN-3203,ACCRECCREDIT,0.0,,2018-09-21,PAID,NoTax,self,004,6.0,1.0,6.0,0.0,6.0,d43dec0c-1f65-4b8b-98f7-5e887801e672
CN-3204,ACCRECCREDIT,0.0,,2018-09-27,PAID,NoTax,self,004,122.0,1.0,122.0,0.0,122.0,e7622008-25cc-4739-8e71-03d1f8769f87
CN-3205,ACCRECCREDIT,0.0,,2018-09-25,PAID,NoTax,self,004,30.0,1.0,30.0,0.0,30.0,9410e42c-a25e-4498-853b-ce341bae4372
CN-3193,ACCRECCREDIT,0.0,,2018-09-18,PAID,NoTax,self,004,46.0,1.0,46.0,0.0,46.0,6d51d249-9a8f-4909-935a-71dfddf72f96
CN-3207,ACCRECCREDIT,0.0,,2018-09-24,PAID,NoTax,self,004,6.0,1.0,6.0,0.0,6.0,472b57f0-cad6-4586-b675-b676a258e670
CN-3208,ACCRECCREDIT,0.0,,2018-09-03,PAID,NoTax,self,004,30.0,1.0,30.0,0.0,30.0,0ec4f001-06a7-4af5-a4e3-0d59762f9d81
CN-3209,ACCRECCREDIT,0.0,,2018-09-05,PAID,NoTax,self,004,23.0,1.0,23.0,0.0,23.0,e5aa4a22-2b57-4c01-90ad-c8145bcf99d6
CN-3210,ACCRECCREDIT,0.0,,2018-09-11,PAID,NoTax,pmi,002,40.0,1.0,10.0,0.0,10.0,dc35a82c-0fe1-4abe-bd83-aa6a32f63f10
CN-3211,ACCRECCREDIT,0.0,,2018-09-11,PAID,NoTax,pmi,002,-65.0,1.0,166.0,0.0,166.0,e3ca0987-cdf7-4bc5-8d7a-193647016971
CN-3212,ACCRECCREDIT,0.0,,2018-09-13,PAID,NoTax,Pilates,111,66.0,1.0,66.0,0.0,66.0,3b991d12-acd0-4bb5-98d6-8f8b6f31746f
CN-3213,ACCRECCREDIT,0.0,,2018-09-14,PAID,NoTax,ci,003,30.0,1.0,0.0,0.0,0.0,307cbf02-3c2e-4be0-9b0d-247eb3b2e2b2
CN-3214,ACCRECCREDIT,0.0,,2018-09-10,PAID,NoTax,self,004,155.0,1.0,155.0,0.0,155.0,3403286e-66fc-47bd-9105-9fb20c7d0f69
CN-3215,ACCRECCREDIT,0.0,,2018-09-17,PAID,NoTax,self,004,5.0,1.0,5.0,0.0,5.0,318450d6-abc1-47a3-a4db-cb9e65112b10
CN-3217,ACCRECCREDIT,0.0,,2018-09-19,PAID,NoTax,self,004,10.0,1.0,10.0,0.0,10.0,8c216886-9b7c-419f-b7b7-a2353dade8cc
CN-3216,ACCRECCREDIT,0.0,,2018-09-24,PAID,NoTax,self,004,70.0,1.0,70.0,0.0,70.0,f428d493-ddb3-4266-bb89-ccff51abe552
CN-3201,ACCRECCREDIT,30.0,,2018-09-17,VOIDED,NoTax,self,004,30.0,1.0,30.0,0.0,30.0,063cc73b-4673-44ed-9945-c53b8bf0557e
CN-3157,ACCRECCREDIT,15.0,,2018-09-17,VOIDED,NoTax,self,004,15.0,1.0,15.0,0.0,15.0,b001cd78-f621-4c7c-a114-cc7b1aaa1cf6
CN-3223,ACCRECCREDIT,0.0,,2018-10-19,PAID,NoTax,pmi,002,40.0,1.0,20.0,0.0,20.0,575962d8-410e-4e5f-98ea-3760ff74857f
CN-3236,ACCRECCREDIT,0.0,,2018-10-18,PAID,NoTax,pmi,002,65.0,1.0,65.0,0.0,65.0,cefe7ec0-959d-4e60-871b-91f48863ad5f
Refund for overpayment,ACCPAYCREDIT,0.0,,2018-07-30,PAID,NoTax,Refund for overpayment,445,61.11,1.0,61.11,0.0,61.11,083df498-a5a3-48fb-bec6-81dbbe576c9f
CN-3243,ACCRECCREDIT,0.0,,2018-10-11,PAID,NoTax,self,004,65.5,1.0,65.5,0.0,65.5,49f7bcc6-cd2d-4424-9e87-eac3d52b8e76
CN-3244,ACCRECCREDIT,0.0,,2018-09-24,PAID,NoTax,pmi,002,10.0,1.0,10.0,0.0,10.0,055decc6-3264-4469-9426-3f35abc4a243
CN-3249,ACCRECCREDIT,0.0,,2018-09-10,PAID,NoTax,self,004,46.0,1.0,46.0,0.0,46.0,93f1867a-7a59-4fa8-bdcb-f0dad5cdb003
CN-3250,ACCRECCREDIT,0.0,,2018-09-03,PAID,NoTax,self,004,23.0,1.0,23.0,0.0,23.0,7ff4f407-0b3d-4b22-8eae-660a73f2fbe8
CN-3251,ACCRECCREDIT,0.0,,2018-09-06,PAID,NoTax,self,004,23.0,1.0,69.0,0.0,69.0,1f33afa5-3554-4470-9798-d5a824c51a63
CN-3252,ACCRECCREDIT,0.0,,2018-09-07,PAID,NoTax,self,004,46.0,1.0,46.0,0.0,46.0,111d97ea-5e1f-46e8-98b3-24778764488e
CN-3253,ACCRECCREDIT,0.0,,2018-09-11,PAID,NoTax,self,004,46.0,1.0,46.0,0.0,46.0,6f819c03-c5b1-47f7-960d-50df6ca8ac51
CN-3254,ACCRECCREDIT,0.0,,2018-10-09,PAID,NoTax,self,004,23.0,1.0,23.0,0.0,23.0,dae2abba-9a1d-46a3-a058-9b330ab888f4
CN-3256,ACCRECCREDIT,0.0,,2018-09-05,PAID,NoTax,self,004,46.0,1.0,46.0,0.0,46.0,bcb48980-148e-4135-b6f2-c768e8b0465a
CN-3257,ACCRECCREDIT,0.0,,2018-09-11,PAID,NoTax,self,004,36.0,1.0,36.0,0.0,36.0,434ffcc0-f7c1-44d7-a158-e2405e0fc3ec
CN-3255,ACCRECCREDIT,0.0,,2018-09-18,PAID,NoTax,self,004,46.0,1.0,11.0,0.0,11.0,810812b1-64b3-4828-9460-eae47ffd5436
CN-3258,ACCRECCREDIT,0.0,,2018-10-08,PAID,NoTax,self,004,46.0,1.0,46.0,0.0,46.0,48a99738-1558-48c0-9f0a-deff76b3dba9
CN-3259,ACCRECCREDIT,0.0,,2018-09-17,PAID,NoTax,self,004,46.0,1.0,46.0,0.0,46.0,a871c945-eda0-449c-8ec2-97268abdc112
CN-3261,ACCRECCREDIT,0.0,,2018-09-20,PAID,NoTax,self,004,46.0,1.0,46.0,0.0,46.0,31e25f55-a210-4174-ba31-d41a26e23350
CN-3262,ACCRECCREDIT,0.0,,2018-09-15,PAID,NoTax,self,004,46.0,1.0,46.0,0.0,46.0,fd19e052-4999-43a8-958d-3d198e6a5aca
CN-3263,ACCRECCREDIT,0.0,,2018-10-09,PAID,NoTax,self,004,46.0,1.0,46.0,0.0,46.0,bddbe1af-d74f-4fa9-817d-4cf5d9964d64
CN-3260,ACCRECCREDIT,0.0,,2018-09-28,PAID,NoTax,self,004,46.0,1.0,46.0,0.0,46.0,bc59d0fd-ed46-493a-bbe8-484674b1ccec
CN-3266,ACCRECCREDIT,0.0,,2018-10-02,PAID,NoTax,occ,014,35.0,1.0,35.0,0.0,35.0,23925659-c9a5-4235-bb50-5601cae0ddeb
CN-3267,ACCRECCREDIT,0.0,,2018-07-21,PAID,NoTax,ci,003,5.0,1.0,5.0,0.0,5.0,c864aa70-c441-47f9-9923-3a68d3b72d5d
CN-3268,ACCRECCREDIT,0.0,,2018-08-04,PAID,NoTax,ci,003,5.0,1.0,5.0,0.0,5.0,a8a60625-a55b-4a33-adf3-c4049e78d253
CN-3269,ACCRECCREDIT,0.0,,2018-08-18,PAID,NoTax,ci,003,5.0,1.0,5.0,0.0,5.0,6a5a9ac6-be32-42b7-9c90-469003da4899
CN-3270,ACCRECCREDIT,0.0,,2018-09-01,PAID,NoTax,ci,003,5.0,1.0,5.0,0.0,5.0,f33dcb93-c926-41cd-a7ad-8d7e7cb8c234
CN-3248,ACCRECCREDIT,0.0,,2018-10-05,PAID,NoTax,self,004,46.0,1.0,92.0,0.0,92.0,831b493b-9682-4f3e-ab83-9c2b99c6d72c
CN-3272,ACCRECCREDIT,0.0,,2018-07-19,PAID,NoTax,ci,003,5.0,1.0,5.0,0.0,5.0,e13f6a43-47ca-44e3-9a94-82310c18ee1f
CN-3273,ACCRECCREDIT,0.0,,2018-07-27,PAID,NoTax,ci,003,5.0,1.0,5.0,0.0,5.0,bb67907e-80b6-4302-9763-ec9011743efe
CN-3274,ACCRECCREDIT,0.0,,2018-07-28,PAID,NoTax,ci,003,5.0,1.0,5.0,0.0,5.0,a0e1d6f1-534f-43a5-a5aa-35289b06fd8d
CN-3276,ACCRECCREDIT,0.0,,2018-09-19,PAID,NoTax,pmi,002,40.0,1.0,10.0,0.0,10.0,8fda6ee1-cae4-4a04-b795-3878e2564243
CN-3279,ACCRECCREDIT,0.0,,2018-10-10,PAID,NoTax,self,004,41.0,1.0,41.0,0.0,41.0,3542f12b-2cfa-4b1e-b529-a4c8adfdc97a
CN-3286,ACCRECCREDIT,0.0,,2018-08-10,PAID,NoTax,PMi,002,40.0,1.0,40.0,0.0,40.0,62899341-2f22-4c1d-9adb-98b6fc131197
CN-3287,ACCRECCREDIT,0.0,,2018-04-11,PAID,NoTax,pmi,002,40.0,1.0,40.0,0.0,40.0,af468c88-4c5f-46de-9356-cce6521dfd30
CN-3288,ACCRECCREDIT,0.0,,2018-10-10,PAID,NoTax,Self,004,30.0,1.0,30.0,0.0,30.0,e34f34c7-3666-4a33-9d10-cbc5c361c6a2
CN-3290,ACCRECCREDIT,0.0,,2018-10-10,PAID,NoTax,self,004,46.0,1.0,46.0,0.0,46.0,95ed6947-ee3a-4a24-b5d0-458f85f5f2ad
CN-3291,ACCRECCREDIT,0.0,,2018-10-01,PAID,NoTax,self,004,30.0,1.0,30.0,0.0,30.0,606b781b-54a2-48bd-a309-bff358051339
CN-3292,ACCRECCREDIT,0.0,,2018-10-05,PAID,NoTax,self,004,30.0,1.0,30.0,0.0,30.0,73dce8c3-3d16-4883-990e-49fe77221d27
CN-3293,ACCRECCREDIT,0.0,,2018-10-09,PAID,NoTax,self,004,30.0,1.0,30.0,0.0,30.0,81440262-9ea5-437f-a287-720e700214a1
CN-3294,ACCRECCREDIT,0.0,,2018-10-29,PAID,NoTax,self,004,30.0,1.0,30.0,0.0,30.0,83465d1e-9856-4459-b73d-9313db53f321
CN-3295,ACCRECCREDIT,0.0,,2018-10-05,PAID,NoTax,self,004,30.0,1.0,30.0,0.0,30.0,3666bddd-8325-4ed3-9e04-04182d70d6fa
CN-3296,ACCRECCREDIT,0.0,,2018-10-12,PAID,NoTax,self,004,30.0,1.0,30.0,0.0,30.0,b4c00fa0-d1b4-4fef-a6eb-fd2c4314af94
CN-3297,ACCRECCREDIT,0.0,,2018-10-23,PAID,NoTax,self,004,30.0,1.0,30.0,0.0,30.0,b4d24863-c110-47a4-84fc-54e5d722a1d6
CN-3298,ACCRECCREDIT,0.0,,2018-09-27,PAID,NoTax,self,004,46.0,1.0,46.0,0.0,46.0,59fb6fa3-6762-407a-ae7b-2c241fdf5060
CN-3300,ACCRECCREDIT,0.0,,2018-10-06,PAID,NoTax,self,004,30.0,1.0,30.0,0.0,30.0,453feb6f-fdb8-4ab2-bd57-e9260cd4bad2
CN-3301,ACCRECCREDIT,0.0,,2018-10-05,PAID,NoTax,self,004,30.0,1.0,30.0,0.0,30.0,2769281d-abb6-4ed1-843e-11f8528a2b18
CN-3303,ACCRECCREDIT,0.0,,2018-10-10,PAID,NoTax,self,004,25.0,1.0,25.0,0.0,25.0,2264ebfd-9738-473f-8103-3a3acc6c88f4
CN-3299,ACCRECCREDIT,30.0,,2018-10-31,VOIDED,NoTax,self,004,30.0,1.0,30.0,0.0,30.0,b908ff2d-5fe9-4c85-a499-727edfc9ff35
CN-3304,ACCRECCREDIT,0.0,,2018-10-15,PAID,NoTax,Self,004,66.0,1.0,66.0,0.0,66.0,d482a8b0-9489-446a-95d4-88fe8e1bb5e9
CN-3289,ACCRECCREDIT,0.0,,2018-10-19,PAID,NoTax,Self,004,30.0,1.0,30.0,0.0,30.0,e1c98238-752a-4c14-aafb-d099f81a1e40
CN-3306,ACCRECCREDIT,0.0,,2018-10-17,PAID,NoTax,self,004,46.0,1.0,46.0,0.0,46.0,5d9c7859-321d-4c0c-b006-64ba3abc421e
CN-3302,ACCRECCREDIT,30.0,,2018-10-15,VOIDED,NoTax,self,004,30.0,1.0,30.0,0.0,30.0,d27047a0-6094-41fb-bd25-d2befb823bbd
CN-3340,ACCRECCREDIT,0.0,,2018-08-18,PAID,NoTax,ci,003,46.0,1.0,0.0,0.0,0.0,a0d28566-7cb3-43af-8941-91b14dffa4a8
CN-3341,ACCRECCREDIT,0.0,,2018-09-12,PAID,NoTax,ci,003,30.0,1.0,0.0,0.0,0.0,a96e1ecc-0dad-4532-832f-915b583672b0
CN-3342,ACCRECCREDIT,0.0,,2018-07-10,PAID,NoTax,pmi,003,40.0,1.0,0.0,0.0,0.0,5b6064ab-a8d4-4167-9b96-83c4557d9631
CN-3343,ACCRECCREDIT,0.0,,2018-08-23,PAID,NoTax,ci,003,46.0,1.0,46.0,0.0,46.0,70f56a1e-5ee9-4455-8e2a-0feb5013d15f
CN-3347,ACCRECCREDIT,0.0,,2018-10-12,PAID,NoTax,self,004,30.0,1.0,30.0,0.0,30.0,aa1673a8-7a1b-4a17-804e-0dd99db1c924
CN-3348,ACCRECCREDIT,0.0,,2018-10-10,PAID,NoTax,self,004,46.0,1.0,46.0,0.0,46.0,9e816618-8c11-407a-aebb-deba8ffe9d7e
CN-3350,ACCRECCREDIT,0.0,,2018-10-11,PAID,NoTax,self,004,55.0,1.0,55.0,0.0,55.0,474c0492-2b56-458e-9b7d-bf0793528dd4
CN-3346,ACCRECCREDIT,0.0,,2018-10-15,PAID,NoTax,self,004,30.0,1.0,30.0,0.0,30.0,002e0093-7dd6-483c-9981-8883f78e2add
CN-3351,ACCRECCREDIT,0.0,,2018-10-31,PAID,NoTax,Pilates class,111,66.0,1.0,66.0,0.0,66.0,691ca427-ce6a-4ee7-a603-2d5d50f65bdd
CN-3355,ACCRECCREDIT,0.0,,2018-04-01,PAID,NoTax,Moulton - notes ,012,10.0,1.0,10.0,0.0,10.0,bf30678b-8792-46e1-a732-2ca31210d7b9
CN-3366,ACCRECCREDIT,0.0,,2018-11-07,PAID,NoTax,self,004,46.0,1.0,6.0,0.0,6.0,0172a4a6-792c-4148-848f-c891936658ed
CN-3367,ACCRECCREDIT,0.0,,2018-09-14,PAID,NoTax,self,004,4.0,1.0,4.0,0.0,4.0,534c927b-14a6-44c9-8980-de13cec4d90a
CN-3369,ACCRECCREDIT,0.0,,2018-10-27,PAID,NoTax,self,004,30.0,1.0,30.0,0.0,30.0,517aa18a-3f48-4039-bebc-a4d4c62409c4
CN-3370,ACCRECCREDIT,0.0,,2018-10-30,PAID,NoTax,occ,004,15.0,1.0,15.0,0.0,15.0,15dedc62-87ba-4154-a42b-15bc8e3ec375
CN-3066,ACCRECCREDIT,30.0,,2018-06-12,VOIDED,NoTax,Ci,003,30.0,1.0,30.0,0.0,30.0,8c24b6bc-3ad1-4e1b-aae9-044949335c71
Black sacks/couch rolls,ACCPAYCREDIT,0.0,,2018-11-08,PAID,NoTax,Black sacks/couch rolls,101,9.94,1.0,9.94,0.0,9.94,c0eadbdd-61f0-4bbd-9a8e-ea1f72937b32
CN-3368,ACCRECCREDIT,0.0,,2018-10-26,PAID,NoTax,self,004,23.0,1.0,23.0,0.0,23.0,a82b5bdd-dfbb-4b12-9f3e-332c485895d9
CN-3349,ACCRECCREDIT,0.0,,2018-10-26,PAID,NoTax,self,004,30.0,1.0,30.0,0.0,30.0,e5590df3-7e43-4ac7-8359-2504fdfcf237
CN-3383,ACCRECCREDIT,0.0,,2018-09-11,PAID,NoTax,self,004,41.0,1.0,41.0,0.0,41.0,efc0d7f7-8b2c-4d34-8b20-829e64b8e48f
CN-3384,ACCRECCREDIT,0.0,,2018-09-26,PAID,NoTax,self,004,23.0,1.0,23.0,0.0,23.0,2e70a58d-88b8-4b9b-bce4-23d146e102d3
CN-3385,ACCRECCREDIT,0.0,,2018-09-18,PAID,NoTax,self,004,46.0,1.0,46.0,0.0,46.0,c4747546-641b-41dc-8a33-b244658ce411
CN-3386,ACCRECCREDIT,0.0,,2018-09-28,PAID,NoTax,self,004,36.0,1.0,36.0,0.0,36.0,a903ff7f-6e89-49d1-94c5-7a9a9d2d4751
CN-3387,ACCRECCREDIT,0.0,,2018-09-13,PAID,NoTax,self,004,46.0,1.0,46.0,0.0,46.0,f937d156-17fb-4407-9596-b8c977277273
CN-3388,ACCRECCREDIT,0.0,,2018-09-28,PAID,NoTax,self,004,46.0,1.0,46.0,0.0,46.0,57d63ccd-a905-4197-b420-3063931e8724
CN-3392,ACCRECCREDIT,0.0,,2018-10-25,PAID,NoTax,self,004,46.0,1.0,46.0,0.0,46.0,5f113f47-1c5b-4830-80cd-866d4819bbbb
CN-3390,ACCRECCREDIT,36.0,,2018-11-22,VOIDED,NoTax,self,004,36.0,1.0,36.0,0.0,36.0,9be91adf-1307-4b80-9131-760b6e03231e
CN-3391,ACCRECCREDIT,0.0,,2018-11-03,PAID,NoTax,cons,005,10.0,1.0,10.0,0.0,10.0,6adafead-ebeb-4ea9-bacf-3dfd5a6c84f2
CN-3393,ACCRECCREDIT,0.0,,2018-11-09,PAID,NoTax,self,004,46.0,1.0,46.0,0.0,46.0,dfda085a-db9f-4985-bf16-7566b7489745
CN-3394,ACCRECCREDIT,0.0,,2018-10-30,PAID,NoTax,self,004,46.0,1.0,46.0,0.0,46.0,eaa83697-3956-4c01-9c3f-874ea5442a9b
CN-3395,ACCRECCREDIT,0.0,,2018-10-25,PAID,NoTax,self,004,46.0,1.0,46.0,0.0,46.0,1030e62b-9642-4278-9710-6cc5382fc66e
CN-3396,ACCRECCREDIT,0.0,,2018-10-29,PAID,NoTax,self,004,50.0,1.0,50.0,0.0,50.0,19fa64f2-80b8-4116-a1fd-4dec1599f15c
CN-3389,ACCRECCREDIT,46.0,,2018-09-19,VOIDED,NoTax,self,004,46.0,1.0,46.0,0.0,46.0,99aec28e-4a0e-4b67-beed-f9e9cbaeadcb
CN-3397,ACCRECCREDIT,0.0,,2018-11-02,PAID,NoTax,self,004,30.0,1.0,30.0,0.0,30.0,c7ab83ee-fee8-45f3-8566-5b71b07151c9
CN-3406,ACCRECCREDIT,0.0,,2018-11-02,PAID,NoTax,self,004,30.0,1.0,60.0,0.0,60.0,9305126e-23bc-4f37-8479-a977b7d28cb1
CN-3407,ACCRECCREDIT,0.0,,2018-11-07,PAID,NoTax,self,004,20.0,1.0,50.0,0.0,50.0,cb6f7fd2-6a4a-46b0-8200-6add2b4e9b0e
CN-3408,ACCRECCREDIT,0.0,,2018-11-13,PAID,NoTax,self,004,30.0,1.0,30.0,0.0,30.0,fc70d895-ba46-4752-b925-49ac0779852a
CN-3409,ACCRECCREDIT,0.0,,2018-11-01,PAID,NoTax,self,004,25.0,1.0,25.0,0.0,25.0,083e0b5f-05c9-4235-ae81-dec7a4dec49b
CN-3410,ACCRECCREDIT,0.0,,2018-11-12,PAID,NoTax,self,004,30.0,1.0,30.0,0.0,30.0,9c6065f4-cf6f-4a9e-9258-8cc0e229df21
CN-3411,ACCRECCREDIT,0.0,,2018-11-05,PAID,NoTax,self,004,30.0,1.0,30.0,0.0,30.0,9097ec80-2489-4ce3-9d02-0f4471bc092e
CN-3412,ACCRECCREDIT,0.0,,2018-11-15,PAID,NoTax,self,004,46.0,1.0,46.0,0.0,46.0,790304c5-6615-4642-b7f6-73948ae60b6e
CN-3413,ACCRECCREDIT,0.0,,2018-11-08,PAID,NoTax,self,004,36.0,1.0,36.0,0.0,36.0,ece509ed-38b1-4016-923a-ec011e74f698
CN-3414,ACCRECCREDIT,0.0,,2018-11-15,PAID,NoTax,occ,014,45.0,1.0,45.0,0.0,45.0,66e841b2-2e7b-4a79-a449-81ac34ea2494
Credit 3844 for inv 3638,ACCPAYCREDIT,0.0,,2018-11-28,PAID,NoTax,Credit 3844 for inv 3638,489,157.32,1.0,157.32,0.0,157.32,dd55966c-d092-4be5-acb7-e4408ad50546
CN-3454,ACCRECCREDIT,0.0,,2018-10-10,PAID,NoTax,self,004,46.0,1.0,46.0,0.0,46.0,76b8fed7-a6cb-4c00-899d-9824cdcfbba9
CN-3455,ACCRECCREDIT,0.0,,2018-10-04,PAID,NoTax,self,004,205.0,1.0,30.0,0.0,30.0,b7e3b24c-8340-4264-8ac4-30ce36bfdcc4
CN-3456,ACCRECCREDIT,0.0,,2018-11-19,PAID,NoTax,pmi,002,40.0,1.0,40.0,0.0,40.0,d1a38f78-092a-4fef-bd34-ea25b87f4084
CN-3457,ACCRECCREDIT,0.0,,2018-11-17,PAID,NoTax,pmi,004,30.0,1.0,30.0,0.0,30.0,0d884674-05ce-45d6-b0fd-bf530b065e72
CN-3458,ACCRECCREDIT,0.0,,2018-10-27,PAID,NoTax,pmi,004,15.0,1.0,15.0,0.0,15.0,f2eca1be-6fb3-4de6-a096-5530606f2cda
CN-3459,ACCRECCREDIT,0.0,,2018-10-20,PAID,NoTax,pmi,004,15.0,1.0,15.0,0.0,15.0,374a5dc7-301e-40a1-93a3-d8a40b6f93bd
CN-3460,ACCRECCREDIT,0.0,,2018-10-09,PAID,NoTax,pmi,004,46.0,1.0,46.0,0.0,46.0,46e0c960-b0b5-4cfa-b229-4c983cf72b88
CN-3461,ACCRECCREDIT,0.0,,2018-10-16,PAID,NoTax,self,004,46.0,1.0,46.0,0.0,46.0,80de4e9d-882c-4320-b0fd-462b13517420
CN-3462,ACCRECCREDIT,0.0,,2018-09-19,PAID,NoTax,self,004,46.0,1.0,46.0,0.0,46.0,2be8fcc6-8522-4be9-9efe-b1dae24e889a
CN-3463,ACCRECCREDIT,0.0,,2018-09-21,PAID,NoTax,pmi,002,40.0,1.0,40.0,0.0,40.0,f34cb05c-f7f6-47c6-b712-a79e929582df
CN-3464,ACCRECCREDIT,0.0,,2018-12-11,PAID,NoTax,self,004,46.0,1.0,46.0,0.0,46.0,827fe0a3-f8ac-4847-9168-d436cf5999f4
CN-3465,ACCRECCREDIT,0.0,,2018-12-19,PAID,NoTax,self,004,30.0,1.0,30.0,0.0,30.0,d7df4d5a-18e7-439e-a505-8caf47fbff9b
CN-3466,ACCRECCREDIT,0.0,,2018-12-12,PAID,NoTax,self,004,46.0,1.0,46.0,0.0,46.0,450cd36c-9f0a-40bc-a610-bf01e445a5dd
CN-3467,ACCRECCREDIT,0.0,,2018-12-05,PAID,NoTax,self,004,25.0,1.0,25.0,0.0,25.0,26e8b257-8dc7-4bb1-a412-2c5e2d3e66a8
CN-3468,ACCRECCREDIT,0.0,,2018-12-04,PAID,NoTax,self,004,30.0,1.0,30.0,0.0,30.0,92d08eaf-99e9-46f3-b14b-5d87965959cc
CN-3469,ACCRECCREDIT,0.0,,2018-12-15,PAID,NoTax,self,004,30.0,1.0,30.0,0.0,30.0,feece7db-48d2-45a8-babb-29a2d0e7c5a0
CN-3470,ACCRECCREDIT,0.0,,2018-12-10,PAID,NoTax,self,004,40.0,1.0,40.0,0.0,40.0,ae995432-6760-4a84-a57d-26fef4ce0e38
CN-3471,ACCRECCREDIT,0.0,,2018-12-04,PAID,NoTax,self,004,30.0,1.0,30.0,0.0,30.0,cb1750ee-e25c-4242-803e-f487fc448e60
CN-3472,ACCRECCREDIT,0.0,,2018-11-29,PAID,NoTax,self,004,30.0,1.0,30.0,0.0,30.0,16a9197b-5b42-4a05-8b4d-0fca1dda5c29
CN-3473,ACCRECCREDIT,0.0,,2018-12-17,PAID,NoTax,self,004,30.0,1.0,30.0,0.0,30.0,69a86cf5-5700-4e1e-a02f-83f91698ff63
CN-3474,ACCRECCREDIT,0.0,,2018-11-28,PAID,NoTax,self,004,46.0,1.0,46.0,0.0,46.0,b1869db8-ee51-4d9a-b354-b677434d1ad0
CN-3475,ACCRECCREDIT,0.0,,2018-11-16,PAID,NoTax,self,004,46.0,1.0,46.0,0.0,46.0,d9e89897-6735-404c-bfeb-2d91d11e62ef
CN-3477,ACCRECCREDIT,0.0,,2018-11-19,PAID,NoTax,self,004,46.0,1.0,46.0,0.0,46.0,c63b5d87-25e0-4715-9f5f-c9a5908c9419
CN-3478,ACCRECCREDIT,0.0,,2018-11-19,PAID,NoTax,self,004,46.0,1.0,46.0,0.0,46.0,008cc13b-17d7-4b90-84af-84295d020723
CN-3479,ACCRECCREDIT,0.0,,2018-04-01,PAID,NoTax,pmi,002,40.0,1.0,40.0,0.0,40.0,9d2a706d-1f48-456c-9cdf-ce9a959e4cbe
CN-3480,ACCRECCREDIT,0.0,,2018-04-01,PAID,NoTax,pmi,002,70.0,1.0,70.0,0.0,70.0,369639ab-0d5b-4213-81a8-20f01e9894d9
CN-3476,ACCRECCREDIT,0.0,,2018-11-23,PAID,NoTax,self,004,46.0,1.0,46.0,0.0,46.0,672e604e-59d9-405e-9071-14cda809a772
CN-3488,ACCRECCREDIT,0.0,,2018-12-22,PAID,NoTax,self,004,15.0,1.0,15.0,0.0,15.0,3b58ab5b-ea95-4128-aec0-6bbdc2251cac
CN-3489,ACCRECCREDIT,0.0,,2018-12-21,PAID,NoTax,self,004,46.0,1.0,46.0,0.0,46.0,1de252ca-331d-4627-8ce2-559109d18844
CN-3490,ACCRECCREDIT,0.0,,2018-11-27,PAID,NoTax,self,004,-72.0,1.0,18.0,0.0,18.0,a550e681-e2f1-4ea7-bbf7-933dd2df9259
CN-3491,ACCRECCREDIT,0.0,,2018-12-11,PAID,NoTax,self,004,23.0,1.0,23.0,0.0,23.0,a39f7ad6-fffe-46b2-8c47-536ac111c902
CN-3492,ACCRECCREDIT,0.0,,2018-12-12,PAID,NoTax,self,004,17.0,1.0,17.0,0.0,17.0,9874f68d-bcde-41b6-b886-82de32407814
CN-3496,ACCRECCREDIT,0.0,,2018-12-04,PAID,NoTax,self,004,80.0,1.0,80.0,0.0,80.0,8dce9536-b6e3-4543-978b-036f69ba404c
CN-3507,ACCRECCREDIT,0.0,,2018-10-10,PAID,NoTax,pmi,002,30.0,1.0,30.0,0.0,30.0,85609955-41f3-41e7-ad33-71f50de17795
CN-3509,ACCRECCREDIT,0.0,,2018-11-26,PAID,NoTax,self,004,46.0,1.0,46.0,0.0,46.0,6ff11816-54c3-4ba7-84eb-b12ee249a650
CN-3510,ACCRECCREDIT,0.0,,2018-12-08,PAID,NoTax,self,004,30.0,1.0,30.0,0.0,30.0,96b48341-0bd2-42ea-89ac-c63a81d674c0
Credit note - wootton gas,ACCPAYCREDIT,0.0,,2018-10-10,PAID,NoTax,Credit note - wootton gas,445,87.43,1.0,87.43,0.0,87.43,7bd5cbc6-c0d7-4253-8814-f0e13786967f
CN-3508,ACCRECCREDIT,72.0,,2019-01-07,VOIDED,NoTax,Self,004,46.0,1.0,72.0,0.0,72.0,8ae57c2c-13eb-4b89-abbf-0655cb63b62f
CN-3526,ACCRECCREDIT,0.0,,2018-11-13,PAID,NoTax,Voucher,008,30.0,1.0,30.0,0.0,30.0,ab5eb807-3269-4974-af67-af36a31b8515
CN-3541,ACCRECCREDIT,0.0,,2018-11-20,PAID,NoTax,pmi,002,5.0,1.0,5.0,0.0,5.0,148f930d-b578-4d63-bfef-3a1fda80c2c3
Wootton,ACCPAYCREDIT,35.0,,2018-09-28,VOIDED,NoTax,occ,014,35.0,1.0,35.0,0.0,35.0,9399e6a9-0f53-45eb-aa4a-5d9efbb79cb3
CN-3551,ACCRECCREDIT,0.0,,2018-09-28,PAID,NoTax,occ,014,35.0,1.0,35.0,0.0,35.0,d7b138ff-d0f7-4a11-9628-237f46497d0d
CN-3552,ACCRECCREDIT,0.0,,2018-11-02,PAID,NoTax,occ,014,35.0,1.0,35.0,0.0,35.0,1e3905be-e5c7-4190-9b6f-b5570b985f32
CN-3553,ACCRECCREDIT,0.0,,2019-01-12,PAID,NoTax,self,004,46.0,1.0,46.0,0.0,46.0,c233dbf7-2d4b-4587-b557-fee2682c1cd8
CN-3554,ACCRECCREDIT,0.0,,2019-01-17,PAID,NoTax,self,004,46.0,1.0,46.0,0.0,46.0,4e61c377-0eec-4794-8aad-181dbd69a852
CN-3555,ACCRECCREDIT,0.0,,2019-01-23,PAID,NoTax,self,004,23.0,1.0,23.0,0.0,23.0,f8b6e65a-2c4d-40b1-b479-84aa88d1ca32
CN-3556,ACCRECCREDIT,0.0,,2018-10-31,PAID,NoTax,Pilates classes,111,12.0,1.0,12.0,0.0,12.0,cf466add-55e1-4517-acd1-61f7384a1ed2
CN-3558,ACCRECCREDIT,0.0,,2019-01-09,PAID,NoTax,Pilates classes,111,6.0,1.0,6.0,0.0,6.0,c3cb4513-7c7f-4796-9800-692c32f68b0a
Credit for charges,ACCPAYCREDIT,0.0,,2019-01-07,PAID,NoTax,Credit for charges 20.00,472-7,10.0,1.0,20.0,0.0,20.0,81a10842-db76-4f7c-b771-2057f858647d
CN-3569,ACCRECCREDIT,0.0,,2018-11-26,PAID,NoTax,ci,003,30.0,1.0,30.0,0.0,30.0,90c07f04-3931-47a9-a528-8619bffa7006
CN-3570,ACCRECCREDIT,0.0,,2019-01-23,PAID,NoTax,self,004,23.0,1.0,23.0,0.0,23.0,894dd56d-5705-4062-81f5-6ac7f55b02bc
CN-3577,ACCRECCREDIT,0.0,,2019-01-16,PAID,NoTax,self,004,75.0,1.0,75.0,0.0,75.0,e09a4e75-5c71-4658-8138-0a32507622a6
CN-3582,ACCRECCREDIT,0.0,,2018-11-30,PAID,NoTax,self,004,35.0,1.0,35.0,0.0,35.0,720431b9-f831-4e0d-9557-5f3925078ea0
CN-3583,ACCRECCREDIT,0.0,,2019-01-09,PAID,NoTax,pilates,111,66.0,1.0,66.0,0.0,66.0,5b3607cc-7971-4312-8d93-cef6ffcd9b63
CN-3587,ACCRECCREDIT,0.0,,2019-01-18,PAID,NoTax,self,004,46.0,1.0,46.0,0.0,46.0,436583cd-c9fa-4c51-af38-4e37fe6d2ac1
CN-3588,ACCRECCREDIT,0.0,,2019-01-28,PAID,NoTax,self,004,46.0,1.0,46.0,0.0,46.0,caeae539-bfeb-4998-a763-697d3115758d
CN-3589,ACCRECCREDIT,0.0,,2019-01-16,PAID,NoTax,self,004,30.0,1.0,30.0,0.0,30.0,8e6c4b74-1aa9-4f31-bdb8-ece7d3b9d3b1
CN-3590,ACCRECCREDIT,0.0,,2019-01-08,PAID,NoTax,self,004,30.0,1.0,30.0,0.0,30.0,4bcc3d10-684c-4627-b9cb-1fa4edc28b99
CN-3591,ACCRECCREDIT,0.0,,2019-01-03,PAID,NoTax,self,004,30.0,1.0,30.0,0.0,30.0,f9238422-d580-4216-9bdc-332a86024e34
CN-3592,ACCRECCREDIT,0.0,,2019-01-26,PAID,NoTax,self,004,46.0,1.0,46.0,0.0,46.0,8b8ab93d-50f1-4fb1-a70d-1faaecd93f2e
CN-3593,ACCRECCREDIT,0.0,,2019-01-04,PAID,NoTax,self,004,46.0,1.0,46.0,0.0,46.0,8dc1d2ea-bfac-4062-91b9-ddfc2c456e55
CN-3594,ACCRECCREDIT,0.0,,2019-01-16,PAID,NoTax,self,004,30.0,1.0,30.0,0.0,30.0,754dcb55-46ac-4704-9c38-b0da9b22e1d3
CN-3595,ACCRECCREDIT,0.0,,2019-01-09,PAID,NoTax,self,004,20.0,1.0,20.0,0.0,20.0,0509b8c1-6510-44f0-885b-042afbcd19f8
CN-3596,ACCRECCREDIT,0.0,,2019-01-02,PAID,NoTax,self,004,46.0,1.0,46.0,0.0,46.0,8c6a20eb-e630-4ea5-829e-fb4b029cdbff
CN-3597,ACCRECCREDIT,0.0,,2019-01-14,PAID,NoTax,self,004,30.0,1.0,30.0,0.0,30.0,d40bbdd5-72b4-43b2-a201-ad0432bb9e81
CN-3598,ACCRECCREDIT,0.0,,2019-01-19,PAID,NoTax,self,004,60.0,1.0,60.0,0.0,60.0,32e9f463-464f-4e58-94ea-b89ab8d047a2
CN-3599,ACCRECCREDIT,0.0,,2019-01-26,PAID,NoTax,self,004,30.0,1.0,30.0,0.0,30.0,76f6cd89-a63b-489f-9c50-842ddde2a940
CN-3600,ACCRECCREDIT,0.0,,2019-01-03,PAID,NoTax,self,004,122.0,1.0,122.0,0.0,122.0,3ee9d68a-e261-4d89-83d0-bcb2bf5b4635
CN-3601,ACCRECCREDIT,0.0,,2019-01-10,PAID,NoTax,self,004,25.0,1.0,25.0,0.0,25.0,47d30d92-daa1-4a9c-93d6-f04a801753b1
CN-3602,ACCRECCREDIT,0.0,,2019-01-02,PAID,NoTax,self,004,25.0,1.0,25.0,0.0,25.0,ac7c4a8b-3ac9-4ef0-b6b0-3c0653283feb
CN-3603,ACCRECCREDIT,0.0,,2019-01-22,PAID,NoTax,self,004,110.0,1.0,110.0,0.0,110.0,ff45dc45-29b4-4288-94bc-e0fa2ea4133a
CN-3604,ACCRECCREDIT,0.0,,2019-01-28,PAID,NoTax,self,004,50.0,1.0,50.0,0.0,50.0,c67bb787-03d7-4062-a3b1-831ca525e72f
CN-3605,ACCRECCREDIT,0.0,,2019-01-29,PAID,NoTax,self,004,46.0,1.0,46.0,0.0,46.0,bca052aa-9efc-45ef-8c13-c8911ad7826f
CN-3606,ACCRECCREDIT,0.0,,2019-01-25,PAID,NoTax,self,004,46.0,1.0,46.0,0.0,46.0,baf9528a-fe40-45c3-86cd-c2a55d2c8e88
CN-3607,ACCRECCREDIT,0.0,,2019-01-04,PAID,NoTax,self,004,92.0,1.0,92.0,0.0,92.0,0eb0362d-a023-482f-b162-6e567be85ef6
CN-3608,ACCRECCREDIT,0.0,,2019-01-08,PAID,NoTax,self,004,46.0,1.0,46.0,0.0,46.0,978dd100-06b5-4e78-ad53-7b92a36f66d7
CN-3627,ACCRECCREDIT,0.0,,2019-01-08,PAID,NoTax,ci,003,30.0,1.0,0.0,0.0,0.0,7d90fe02-6a4f-4cc4-a921-da1150a0faf7
CN-3633,ACCRECCREDIT,0.0,,2018-09-27,PAID,NoTax,occ,014,35.0,1.0,35.0,0.0,35.0,a59b2614-4ebc-4c3e-b61e-50a5d3a4ab9c
CN-3634,ACCRECCREDIT,0.0,,2018-10-05,PAID,NoTax,occ,014,35.0,1.0,35.0,0.0,35.0,dc3f88ad-0118-4b6d-8ee8-18c36a97e0d2
CN-3635,ACCRECCREDIT,0.0,,2018-10-10,PAID,NoTax,occ,014,35.0,1.0,35.0,0.0,35.0,5c77998d-fa6c-48bd-ada7-0327597fba18
CN-3648,ACCRECCREDIT,0.0,,2019-01-21,PAID,NoTax,cons,005,3.0,1.0,3.0,0.0,3.0,54924872-1302-4875-86da-8be21cb55d9e
CN-3649,ACCRECCREDIT,0.0,,2019-02-15,PAID,NoTax,Self,004,35.5,1.0,35.5,0.0,35.5,91f92301-fd4c-45e5-aa40-f02001b4ef3f
Refund for charges due to unreturned machine,ACCPAYCREDIT,0.0,,2019-01-31,PAID,NoTax,Refund for charges due to unreturned machine,401-1,440.4,1.0,440.4,0.0,440.4,ba7ef59a-c05f-4d9d-b05d-9e3b83800485
Water rates refund,ACCPAYCREDIT,30.29,,2018-11-09,VOIDED,NoTax,Water rates refund,466,30.29,1.0,30.29,0.0,30.29,ed4e965b-5c98-4e45-a3bb-0c33a83dca87
CN-3672,ACCRECCREDIT,0.0,,2018-12-14,PAID,NoTax,self,004,46.0,1.0,86.0,0.0,86.0,0b84df0b-0056-4c6d-acd3-1ce1b278a197
CN-3673,ACCRECCREDIT,0.0,,2018-12-11,PAID,NoTax,self,004,23.0,1.0,23.0,0.0,23.0,9ce7b8c3-f1ed-42b1-abbb-c4de454dfff6
CN-3674,ACCRECCREDIT,0.0,,2018-12-20,PAID,NoTax,self,004,30.0,1.0,30.0,0.0,30.0,fa6f939a-5e8a-4490-a256-2f7abbd96570
CN-3675,ACCRECCREDIT,0.0,,2018-12-04,PAID,NoTax,self,004,40.0,1.0,40.0,0.0,40.0,ef5bf8f5-fee9-43fd-b22b-9c1659a50d33
CN-3676,ACCRECCREDIT,0.0,,2018-12-12,PAID,NoTax,self,004,20.5,1.0,20.5,0.0,20.5,ce504b43-b78b-449f-8f42-532e3cdbb9f1
CN-3677,ACCRECCREDIT,0.0,,2018-12-18,PAID,NoTax,self,004,46.0,1.0,46.0,0.0,46.0,8bf96395-e764-4c6c-b81c-17af4d583f92
CN-3678,ACCRECCREDIT,0.0,,2018-12-15,PAID,NoTax,self,004,46.0,1.0,46.0,0.0,46.0,cb8e147e-a305-4f28-ad23-5eaa56266467
CN-3679,ACCRECCREDIT,0.0,,2019-02-02,PAID,NoTax,self,004,30.0,1.0,30.0,0.0,30.0,9ca11c8e-fe48-48b5-8bd5-d984c432defd
CN-3680,ACCRECCREDIT,0.0,,2019-02-15,PAID,NoTax,self,004,30.0,1.0,30.0,0.0,30.0,11a55912-86ab-4ed3-b45e-b809946c4a02
CN-3681,ACCRECCREDIT,0.0,,2019-02-05,PAID,NoTax,self,004,30.0,1.0,30.0,0.0,30.0,07c5e3bd-d1a8-40a1-ae7a-67b436f7f4a5
CN-3682,ACCRECCREDIT,0.0,,2019-02-07,PAID,NoTax,self,004,30.0,1.0,30.0,0.0,30.0,e306f304-cf32-4acc-b895-fa6804e7a5b5
CN-3683,ACCRECCREDIT,0.0,,2019-02-08,PAID,NoTax,self,004,25.0,1.0,25.0,0.0,25.0,170e4209-a462-409b-9442-2d829f09cc25
CN-3684,ACCRECCREDIT,0.0,,2019-02-12,PAID,NoTax,self,004,50.0,1.0,50.0,0.0,50.0,9f8b9ef0-6b8f-4a7c-8b98-defd86d215aa
CN-3685,ACCRECCREDIT,0.0,,2019-02-09,PAID,NoTax,self,004,46.0,1.0,46.0,0.0,46.0,7a8788c0-c9d5-4a80-8f7d-62fa09229d0b
CN-3689,ACCRECCREDIT,0.0,,2018-12-04,PAID,NoTax,self,004,23.0,1.0,23.0,0.0,23.0,b6be9a08-733a-461a-9a04-cde6f5c86ea0
CN-3690,ACCRECCREDIT,0.0,,2019-01-07,PAID,NoTax,self,004,23.0,1.0,23.0,0.0,23.0,c7d0b4e5-57f1-4223-bb7a-2b72bf28f58c
CN-3691,ACCRECCREDIT,0.0,,2019-01-14,PAID,NoTax,self,004,46.0,1.0,46.0,0.0,46.0,63873192-2b38-48a8-9a3d-1a673d1e298e
CN-3696,ACCRECCREDIT,0.0,,2019-02-14,PAID,NoTax,occ,014,7.0,1.0,7.0,0.0,7.0,913f4f6a-bef8-4c9b-be17-417c6d86f524
CN-3705,ACCRECCREDIT,0.0,,2019-02-23,PAID,NoTax,self,004,23.0,1.0,23.0,0.0,23.0,5657ff40-7798-40cd-8272-30e3d95a1cf2
CN-3706,ACCRECCREDIT,0.0,,2018-11-24,PAID,NoTax,ci,003,30.0,1.0,0.0,0.0,0.0,8683873f-0c35-4d27-b1aa-ac84c1fa518d
CN-3707,ACCRECCREDIT,0.0,,2019-01-29,PAID,NoTax,injections,013,-412.5,1.0,46.0,0.0,46.0,bbd702e5-6802-4210-8b8d-42a4e5a339fa
CN-3712,ACCRECCREDIT,0.0,,2019-02-01,PAID,NoTax,self,004,46.0,1.0,16.0,0.0,16.0,340d4f6f-9b81-45a8-96f8-708d851f7faf
CN-3714,ACCRECCREDIT,0.0,,2019-02-12,PAID,NoTax,self,004,46.0,1.0,16.0,0.0,16.0,c3e197d7-5e60-4496-968d-12fef877fca9
CN-3715,ACCRECCREDIT,0.0,,2019-02-18,PAID,NoTax,self,004,46.0,1.0,16.0,0.0,16.0,205f74fa-07fc-4ae3-8a3b-73b659f3fbb6
CN-3716,ACCRECCREDIT,0.0,,2019-02-11,PAID,NoTax,self,004,198.0,1.0,23.0,0.0,23.0,17097c48-8f69-45bc-aefc-b35d469cf335
CN-3717,ACCRECCREDIT,0.0,,2019-02-26,PAID,NoTax,self,004,46.0,1.0,46.0,0.0,46.0,81282270-34f0-471d-912c-65fc0d61c572
CN-3713,ACCRECCREDIT,0.0,,2019-02-06,PAID,NoTax,self,004,46.0,1.0,16.0,0.0,16.0,0eafd3f5-738d-4ec8-9230-663237495d87
CN-3727,ACCRECCREDIT,0.0,,2019-01-02,PAID,NoTax,pmi,002,40.0,1.0,40.0,0.0,40.0,c1235f5c-c20a-4eb1-8fc6-9dbc5e2c55c9
CN-3728,ACCRECCREDIT,46.0,,2019-03-06,VOIDED,NoTax,self,004,46.0,1.0,46.0,0.0,46.0,8510ec02-7122-4763-b09f-b5e3ac34d3a3
CN-3752,ACCRECCREDIT,0.0,,2019-02-27,PAID,NoTax,Pilates,111,6.0,1.0,6.0,0.0,6.0,f967f316-163f-44e8-a80b-d56aadd800f4
CN-3761,ACCRECCREDIT,0.0,,2019-02-26,PAID,NoTax,pilates,111,66.0,1.0,66.0,0.0,66.0,4a054dfa-125e-4279-8f57-a1e151c97cbb
CN-3762,ACCRECCREDIT,0.0,,2019-03-11,PAID,NoTax,self,004,30.0,1.0,30.0,0.0,30.0,750f9290-1640-470d-958b-5b9d378e3f34
CN-3770,ACCRECCREDIT,0.0,,2018-06-19,PAID,NoTax,ci,003,40.0,1.0,40.0,0.0,40.0,cd687b1c-75f6-483b-88da-7d96cd268870
CN-3771,ACCRECCREDIT,0.0,,2018-07-27,PAID,NoTax,ci,003,40.0,1.0,40.0,0.0,40.0,e58fbbc5-b3f2-41dd-81ab-7566cffdc0e5
CN-3772,ACCRECCREDIT,0.0,,2019-02-20,PAID,NoTax,self,004,46.0,1.0,46.0,0.0,46.0,e66282ce-8bf0-4306-a48e-fc9c9f0a4559
CN-3773,ACCRECCREDIT,0.0,,2019-02-27,PAID,NoTax,self,004,30.0,1.0,30.0,0.0,30.0,3e95c6eb-a839-4d90-9b83-520b1cc70e3c
CN-3774,ACCRECCREDIT,0.0,,2019-02-23,PAID,NoTax,self,004,46.0,1.0,46.0,0.0,46.0,e9a0d4f5-7c97-461a-a84e-2828f5b70db7
CN-3775,ACCRECCREDIT,46.0,,2019-01-26,VOIDED,NoTax,self,004,46.0,1.0,46.0,0.0,46.0,94d78d4c-baef-4dd3-a52e-2ad659cda93a
CN-3763,ACCRECCREDIT,25.0,,2019-02-27,VOIDED,NoTax,self,004,25.0,1.0,25.0,0.0,25.0,a3af4dbc-e9c7-4d77-9569-72a6d39471e3
CN-3760,ACCRECCREDIT,70.0,,2019-02-13,VOIDED,NoTax,pod cons,011,70.0,1.0,70.0,0.0,70.0,67efd707-b781-4d2f-95db-a8c9352036ec
CN-3776,ACCRECCREDIT,0.0,,2019-02-27,PAID,NoTax,self,004,165.0,1.0,25.0,0.0,25.0,1fd7d801-97c6-46c3-8a8c-8136c8af9c90
CN-3777,ACCRECCREDIT,0.0,,2019-03-05,PAID,NoTax,self,004,23.0,1.0,23.0,0.0,23.0,d644710b-f680-427d-8e90-e09eaf3ba97d
CN-3784,ACCRECCREDIT,0.0,,2019-01-17,PAID,NoTax,self,004,46.0,1.0,46.0,0.0,46.0,949bc2a5-7dc5-4fc4-b2a8-99cb6dc10785
CN-3787,ACCRECCREDIT,0.0,,2019-01-30,PAID,NoTax,self,004,23.0,1.0,23.0,0.0,23.0,581805ff-e9df-4c69-9790-518018f7cba8
CN-3789,ACCRECCREDIT,0.0,,2019-03-08,PAID,NoTax,self,004,46.0,1.0,46.0,0.0,46.0,2caaae45-a68d-419a-ab45-3b47cacc49d5
CN-3790,ACCRECCREDIT,0.0,,2019-03-23,PAID,NoTax,self,004,23.0,1.0,23.0,0.0,23.0,e93be97a-0df8-4998-a2b6-a5fcc84762f1
CN-3791,ACCRECCREDIT,0.0,,2019-02-02,PAID,NoTax,self,004,23.0,1.0,23.0,0.0,23.0,4689032a-a9f3-4845-81f1-1232b6415a5c
CN-3792,ACCRECCREDIT,0.0,,2019-03-08,PAID,NoTax,self,004,46.0,1.0,46.0,0.0,46.0,67484d52-55c0-4427-a705-3da371deac46
CN-3794,ACCRECCREDIT,0.0,,2019-03-12,PAID,NoTax,self,004,23.0,1.0,23.0,0.0,23.0,01ecec6e-96a2-4afa-ad42-53f0b092548c
CN-3795,ACCRECCREDIT,0.0,,2019-02-05,PAID,NoTax,self,004,20.0,1.0,20.0,0.0,20.0,b60ea1aa-83d9-46cc-9ada-e1635eb115ca
CN-3797,ACCRECCREDIT,0.0,,2019-03-12,PAID,NoTax,self,004,23.0,1.0,23.0,0.0,23.0,369ae221-386d-4ff7-9b70-f43173d8c382
CN-3798,ACCRECCREDIT,0.0,,2019-02-27,PAID,NoTax,self,004,36.0,1.0,36.0,0.0,36.0,ae07b661-e3fc-489a-8270-9cb501864720
CN-3799,ACCRECCREDIT,0.0,,2019-02-28,PAID,NoTax,self,004,46.0,1.0,46.0,0.0,46.0,5f45e43a-a473-405e-a263-c4d8803a4896
CN-3800,ACCRECCREDIT,0.0,,2019-02-28,PAID,NoTax,self,004,46.0,1.0,46.0,0.0,46.0,411b0023-4490-4752-9004-fa57537965f2
CN-3801,ACCRECCREDIT,0.0,,2018-04-30,PAID,NoTax,PMI,002,30.0,1.0,30.0,0.0,30.0,00e235bf-aada-42a8-94e5-f875ef0b8ec0
CN-3802,ACCRECCREDIT,0.0,,2018-05-01,PAID,NoTax,PMI,002,35.0,1.0,35.0,0.0,35.0,f5cc1de2-921b-49b1-b200-4ca8588c6103
CN-3806,ACCRECCREDIT,0.0,,2018-08-07,PAID,NoTax,PMI ,002,4.5,1.0,4.5,0.0,4.5,d0a8ef50-9422-4cad-80c4-04cf33c4f18e
CN-3807,ACCRECCREDIT,0.0,,2018-12-01,PAID,NoTax,PMI ,002,22.0,1.0,22.0,0.0,22.0,fe74c87e-4a85-4160-ae2b-6838558b56c1
CN-3808,ACCRECCREDIT,0.0,,2018-04-25,PAID,NoTax,PMI ,002,35.0,1.0,35.0,0.0,35.0,92062ce6-3c28-414b-a3d3-8fe3aba1ac54
CN-3809,ACCRECCREDIT,0.0,,2018-05-02,PAID,NoTax,PMI ,002,35.0,1.0,35.0,0.0,35.0,ee8907b5-f137-4d4d-a81e-2f7b4ed0575a
CN-3810,ACCRECCREDIT,0.0,,2018-05-30,PAID,NoTax,PMI ,002,30.0,1.0,30.0,0.0,30.0,319464d3-fcdb-49bd-aa3d-c8ddfa762d34
CN-3785,ACCRECCREDIT,23.0,,2019-01-17,VOIDED,NoTax,self,004,23.0,1.0,23.0,0.0,23.0,e511d097-4d63-4a6a-8618-12dea25b0e22
CN-3786,ACCRECCREDIT,23.0,,2019-01-21,VOIDED,NoTax,self,004,23.0,1.0,23.0,0.0,23.0,66bd34ee-3f1f-4305-9370-4fb76955e676
CN-3815,ACCRECCREDIT,0.0,,2019-01-26,PAID,NoTax,self,004,46.0,1.0,46.0,0.0,46.0,85d088e0-c0af-4778-907b-c6b198d5428d
CN-3788,ACCRECCREDIT,23.0,,2019-01-30,VOIDED,NoTax,self,004,23.0,1.0,23.0,0.0,23.0,a82e46da-ae1f-45d1-8d16-6d56c5f89720
CN-3805,ACCRECCREDIT,24.0,,2019-03-30,VOIDED,NoTax,PMI 9/3/18,002,24.0,1.0,24.0,0.0,24.0,a625b345-2eb3-4ac5-ae0c-78c78d396634
CN-3816,ACCRECCREDIT,0.0,,2019-02-12,PAID,NoTax,SELF,004,23.0,1.0,23.0,0.0,23.0,c26ce8ae-79da-4d01-97dc-b3edd79add8e
CN-3817,ACCRECCREDIT,0.0,,2019-02-15,PAID,NoTax,self,004,46.0,1.0,46.0,0.0,46.0,b85952e6-6e1e-4c1d-913f-1b5e81f66388
CN-3796,ACCRECCREDIT,46.0,,2019-03-15,VOIDED,NoTax,self,004,46.0,1.0,46.0,0.0,46.0,d1ce9080-c5d3-4f78-b986-e03f83fd7496
CN-3793,ACCRECCREDIT,0.0,,2019-03-11,PAID,NoTax,self,004,46.0,1.0,46.0,0.0,46.0,52a44be7-c232-46b5-ba5f-bd4c07729e39
CN-3833,ACCRECCREDIT,0.0,,2019-03-15,PAID,NoTax,Self,004,30.0,1.0,30.0,0.0,30.0,929a60fa-9fa3-4133-8eef-ea0f60ee87a2
CN-3834,ACCRECCREDIT,0.0,,2019-03-01,PAID,NoTax,Self,004,30.0,1.0,30.0,0.0,30.0,946bc805-0cc9-441d-ac23-31be3cc8628c
CN-3835,ACCRECCREDIT,0.0,,2019-03-14,PAID,NoTax,Self,004,30.0,1.0,30.0,0.0,30.0,5fb067f5-85e2-4772-800f-d350952a9e88
CN-3836,ACCRECCREDIT,0.0,,2019-03-05,PAID,NoTax,Self,004,31.0,1.0,31.0,0.0,31.0,4a4aa549-9e7e-4aa5-9d05-18adbe1c8036
CN-3837,ACCRECCREDIT,0.0,,2019-03-04,PAID,NoTax,Self,004,20.0,1.0,20.0,0.0,20.0,a0fb09a0-49da-47f1-b406-9cbd73abefab
CN-3839,ACCRECCREDIT,0.0,,2019-03-02,PAID,NoTax,Self,004,46.0,1.0,46.0,0.0,46.0,02c342e8-a4c0-4d74-9805-be052f347e8f
CN-3840,ACCRECCREDIT,0.0,,2019-03-06,PAID,NoTax,Self,004,46.0,1.0,46.0,0.0,46.0,663cab25-0695-4d78-89b1-e2563401d0d5
CN-3841,ACCRECCREDIT,0.0,,2019-03-20,PAID,NoTax,Self,004,41.0,1.0,41.0,0.0,41.0,3fad49ef-7b59-43a8-9272-754fcbb2d09b
CN-3842,ACCRECCREDIT,0.0,,2019-03-18,PAID,NoTax,Self,004,30.0,1.0,30.0,0.0,30.0,c4702c6e-edb4-4fd7-b69a-437e3d75008d
CN-3843,ACCRECCREDIT,0.0,,2018-11-11,PAID,NoTax,occ,014,35.0,1.0,35.0,0.0,35.0,35651664-403a-4b2a-9a62-2f10b02f7611
CN-3844,ACCRECCREDIT,0.0,,2019-03-09,PAID,NoTax,self,004,4.0,1.0,4.0,0.0,4.0,81be5b81-ff40-443f-9f21-c2682d11270e
CN-3845,ACCRECCREDIT,0.0,,2019-03-08,PAID,NoTax,self,004,30.0,1.0,30.0,0.0,30.0,4597b440-5477-49c1-bcd2-907f497e0d5f
CN-3838,ACCRECCREDIT,46.0,,2019-03-08,VOIDED,NoTax,Self,004,46.0,1.0,46.0,0.0,46.0,ee748a74-9ad2-4893-98e1-c698834af617
CN-3832,ACCRECCREDIT,0.0,,2019-03-09,PAID,NoTax,Self,004,46.0,1.0,46.0,0.0,46.0,bfde697e-17ee-45b1-9265-698a6b225102
CN-3846,ACCRECCREDIT,0.0,,2019-03-06,PAID,NoTax,self,004,23.0,1.0,23.0,0.0,23.0,6341045c-93e8-4b11-bb0b-780d927df843
CN-3847,ACCRECCREDIT,0.0,,2019-03-04,PAID,NoTax,self,004,23.0,1.0,23.0,0.0,23.0,72e1238f-b6ac-423e-b066-b4667b32a467
CN-3848,ACCRECCREDIT,0.0,,2019-02-27,PAID,NoTax,Pilates,111,18.0,1.0,18.0,0.0,18.0,5f127a29-d022-4c74-9d03-4a910b530ef4
CN-3849,ACCRECCREDIT,0.0,,2019-02-11,PAID,NoTax,pmi,002,35.0,1.0,0.0,0.0,0.0,e84600bc-ec4e-43e3-96a7-30bc837199f0
CN-3813,ACCRECCREDIT,35.0,,2018-09-19,VOIDED,NoTax,PMI ,002,35.0,1.0,35.0,0.0,35.0,d0701317-3c34-48ed-b360-556c2f171d7d
CN-3812,ACCRECCREDIT,35.0,,2018-09-12,VOIDED,NoTax,PMI ,002,35.0,1.0,35.0,0.0,35.0,c5bb9548-b2cd-4691-8fa7-771d1095e107
CN-3811,ACCRECCREDIT,35.0,,2018-09-12,VOIDED,NoTax,PMI ,002,35.0,1.0,35.0,0.0,35.0,7ea99869-b8e3-4c36-887c-a3699e36c1a0
CN-3803,ACCRECCREDIT,5.7,,2018-04-01,VOIDED,NoTax,PMI 9/3/18,002,5.7,1.0,5.7,0.0,5.7,7cad06f5-001b-4c29-9cd4-34f7a7c2fea1
CN-3853,ACCRECCREDIT,0.0,,2019-01-28,PAID,NoTax,occ,014,42.0,1.0,0.0,0.0,0.0,7a6eeb1c-c222-4022-9f53-459ed8a1bfb5
CN-3867,ACCRECCREDIT,0.0,,2018-11-15,PAID,NoTax,occ,014,7.0,1.0,7.0,0.0,7.0,d2e7f87c-f027-47be-baf4-3ead8ae8c1f2
CN-3868,ACCRECCREDIT,0.0,,2019-02-15,PAID,NoTax,ci,003,5.0,1.0,5.0,0.0,5.0,b04f1046-5552-4400-8ee6-74a398098595
CN-3869,ACCRECCREDIT,0.0,,2019-02-19,PAID,NoTax,ci,003,5.0,1.0,5.0,0.0,5.0,4e239b61-d957-4d1e-81c2-693f3afa8454
CN-3870,ACCRECCREDIT,0.0,,2019-03-08,PAID,NoTax,ci,003,5.0,1.0,5.0,0.0,5.0,2b535750-04df-4168-8576-a19457be8976
CN-3871,ACCRECCREDIT,0.0,,2018-08-22,PAID,NoTax,ci,003,5.0,1.0,5.0,0.0,5.0,16024a0f-1c58-4c97-9820-154c88b28338
CN-3872,ACCRECCREDIT,0.0,,2018-08-29,PAID,NoTax,ci,003,5.0,1.0,5.0,0.0,5.0,01feb66f-9e82-4ad4-b41d-455f3bf0f4c3
CN-3873,ACCRECCREDIT,0.0,,2018-09-05,PAID,NoTax,ci,003,5.0,1.0,5.0,0.0,5.0,d2010c78-36bd-4e09-a2b8-06ea9b4fd640
CN-3874,ACCRECCREDIT,0.0,,2018-09-19,PAID,NoTax,ci,003,5.0,1.0,5.0,0.0,5.0,307009b4-74a0-4028-bd67-f2a4e13322f2
CN-3875,ACCRECCREDIT,0.0,,2018-10-05,PAID,NoTax,ci,003,5.0,1.0,5.0,0.0,5.0,0a2b9293-28ed-4f46-9bb6-a47e3880eb9a
CN-3876,ACCRECCREDIT,0.0,,2018-11-14,PAID,NoTax,ci,003,5.0,1.0,5.0,0.0,5.0,f0321801-6587-4a08-b754-4581f432fde8
CN-3814,ACCRECCREDIT,24.0,,2018-07-18,VOIDED,NoTax,self,004,24.0,1.0,24.0,0.0,24.0,370b1502-42ec-4f13-93dc-e414453d72a5
CN-3804,ACCRECCREDIT,38.0,,2018-07-11,VOIDED,NoTax,PMI 9/3/18,002,38.0,1.0,38.0,0.0,38.0,db7cd46f-ccf0-4899-94c5-111aecabcac1
CN-3888,ACCRECCREDIT,0.0,,2019-03-08,PAID,NoTax,pmi,002,5.0,1.0,5.0,0.0,5.0,a1bd944d-7391-4e9a-80fe-b99283364d0d
CN-3909,ACCRECCREDIT,0.0,,2019-02-13,PAID,NoTax,pmi,002,40.0,1.0,40.0,0.0,40.0,c069ce3f-9f7f-4662-974e-76158ada4cf2
CN-3960,ACCRECCREDIT,0.0,,2019-02-26,PAID,NoTax,Pilates,111,12.0,1.0,12.0,0.0,12.0,6111774d-3678-48b4-bc88-fe1efd777340
CN 3818,ACCPAYCREDIT,0.0,,2018-10-25,PAID,NoTax,refund for Great denham set up,489,365.04,1.0,365.04,0.0,365.04,514e2e36-7c4f-441d-8a21-26bea8d7979a
CN-4035,ACCRECCREDIT,0.0,,2019-03-18,PAID,NoTax,self,004,40.0,1.0,40.0,0.0,40.0,e1dd5651-ecdb-4050-b069-89a3d5537986
CN-4036,ACCRECCREDIT,0.0,,2019-03-27,PAID,NoTax,self,004,40.0,1.0,40.0,0.0,40.0,35bd0c28-26af-4661-bd8d-f2303a8bd2a5
CN-4058,ACCRECCREDIT,0.0,,2019-01-11,PAID,NoTax,pmi,002,10.0,1.0,10.0,0.0,10.0,79e960a3-598d-4c00-affc-4fbb3a668423
CN-4099,ACCRECCREDIT,0.0,,2019-03-11,PAID,NoTax,pmi,002,8.0,1.0,8.0,0.0,8.0,d51d6cfd-9d45-4594-9218-d98d66f03a6d
CN-4175,ACCRECCREDIT,0.0,,2018-04-26,PAID,NoTax,recharged GD costs,401-2,434.32,1.0,434.32,0.0,434.32,534b7768-cc92-4c9a-8c4c-9191ed3cadab
Sam CSP membership,ACCPAYCREDIT,30.44,,2019-03-31,VOIDED,NoTax,Sam CSP membership,620,15.22,1.0,30.44,0.0,30.44,adc11bd2-14a2-48e2-98fc-b568e07c52b2
Sam CSP membership,ACCPAYCREDIT,30.44,,2019-03-31,VOIDED,NoTax,Sam CSP membership,620,15.22,1.0,30.44,0.0,30.44,3e0181c2-8e55-496c-8458-347c6e715af1
Sam CSP membership,ACCPAYCREDIT,30.44,,2019-03-31,VOIDED,NoTax,Sam CSP membership,620,15.22,1.0,30.44,0.0,30.44,6bb65bad-38d1-4c80-9bee-d2e24ad1ec3a
Sam CSP membership,ACCPAYCREDIT,30.44,,2019-03-31,VOIDED,NoTax,Sam CSP membership,620,15.22,1.0,30.44,0.0,30.44,df77d773-2d26-4f47-9132-f1f58b4d609d
CN-4238,ACCRECCREDIT,0.0,,2019-02-05,PAID,NoTax,ci,003,5.0,1.0,5.0,0.0,5.0,2e0ace17-f5fd-45be-b0db-26b36ae08648
CN-4239,ACCRECCREDIT,0.0,,2019-02-15,PAID,NoTax,ci,003,30.0,1.0,59.0,0.0,59.0,b04ca679-58e0-44d8-9593-b722a03fdb0a
CN-4241,ACCRECCREDIT,0.0,,2019-03-25,PAID,NoTax,ci,003,30.0,1.0,0.0,0.0,0.0,4a2a4867-ed87-4f01-896c-44a4245bfd05
CN-4512,ACCRECCREDIT,0.0,,2018-11-13,PAID,NoTax,occ,014,35.0,1.0,35.0,0.0,35.0,c6ee6e45-61c4-41b5-9d91-4c1fab79ce9c
CN-4513,ACCRECCREDIT,0.0,,2018-10-26,PAID,NoTax,occ,014,35.0,1.0,35.0,0.0,35.0,8d2ef4e5-2738-4717-a526-647557c252cb
CN-4514,ACCRECCREDIT,0.0,,2018-12-21,PAID,NoTax,occ,014,35.0,1.0,35.0,0.0,35.0,c4b2d980-715c-4bec-900f-c1bd7728a2b3
CN-4515,ACCRECCREDIT,0.0,,2019-01-21,PAID,NoTax,occ,014,35.0,1.0,35.0,0.0,35.0,5555fb37-d81c-4721-915c-9994e54d295e
CN-4516,ACCRECCREDIT,0.0,,2019-01-28,PAID,NoTax,occ,014,35.0,1.0,35.0,0.0,35.0,7d39dbb9-e051-4517-9407-91e5eb860169
CN-4517,ACCRECCREDIT,0.0,,2019-02-11,PAID,NoTax,occ,014,35.0,1.0,35.0,0.0,35.0,8443b147-9f1f-4524-b749-69f951522d3f
GD Balance,ACCRECCREDIT,0.0,,2019-03-31,PAID,NoTax,Amounts due from group undertakings,622,4153.89,1.0,4153.89,0.0,4153.89,bc741c77-755b-4b4d-9bb6-f41e0c793650
